TransactionID,Date,CustomerID,Category,Product,Quantity,UnitPrice,TotalSales
T00001,2023-08-05,C0188,Snacks,Maní,7,1.8,12.6
T00002,2023-10-16,C0184,Bebidas,Coca-Cola,3,1.8,5.4
T00003,2023-07-03,C0139,Lácteos,Yogurt,3,1.1,3.3
T00004,2023-12-01,C0076,Frutas,Uva,9,1.7,15.3
T00005,2023-11-08,C0101,Carnes,Pescado,6,6.67,40.02
T00006,2023-05-06,C0021,Frutas,Naranja,7,2.77,19.39
T00007,2023-04-07,C0097,Carnes,Carne Res,2,13.16,26.32
T00008,2023-01-24,C0141,Aseo,Shampoo,6,5.13,30.78
T00009,2023-05-02,C0035,Panadería,Croissant,2,1.06,2.12
T00010,2023-07-02,C0168,Aseo,Papel Higiénico,2,5.59,11.18
T00011,2023-06-14,C0186,Frutas,Uva,7,2.67,18.69
T00012,2023-04-27,C0178,Frutas,Uva,7,1.99,13.93
T00013,2023-02-06,C0054,Panadería,Pan Blanco,9,1.95,17.55
T00014,2023-01-17,C0012,Bebidas,Agua,10,1.92,19.2
T00015,2023-03-27,C0080,Snacks,Papas Fritas,6,1.23,7.38
T00016,2023-07-28,C0105,Frutas,Banana,2,2.84,5.68
T00017,2023-09-28,C0004,Carnes,Carne Res,8,10.35,82.8
T00018,2023-11-02,C0057,Carnes,Pescado,5,14.77,73.85
T00019,2023-05-28,C0027,Panadería,Pan Blanco,8,2.95,23.6
T00020,2023-04-17,C0195,Snacks,Maní,4,1.29,5.16
T00021,2023-01-10,C0114,Carnes,Pescado,3,5.37,16.11
T00022,2023-08-26,C0115,Carnes,Pollo,9,14.88,133.92
T00023,2023-03-16,C0171,Snacks,Papas Fritas,8,2.24,17.92
T00024,2023-03-24,C0002,Aseo,Shampoo,4,5.25,21.0
T00025,2023-04-23,C0101,Panadería,Croissant,5,1.9,9.5
T00026,2023-03-04,C0047,Snacks,Chocolate,2,1.03,2.06
T00027,2023-10-29,C0165,Bebidas,Coca-Cola,1,1.47,1.47
T00028,2023-12-26,C0091,Lácteos,Leche,2,3.9,7.8
T00029,2023-09-14,C0100,Lácteos,Queso,2,4.28,8.56
T00030,2023-01-12,C0091,Aseo,Papel Higiénico,10,7.55,75.5
T00031,2023-11-07,C0168,Carnes,Pescado,2,9.63,19.26
T00032,2023-08-30,C0156,Carnes,Carne Res,2,12.51,25.02
T00033,2023-06-11,C0110,Frutas,Naranja,3,0.54,1.62
T00034,2023-03-29,C0068,Panadería,Donas,9,2.31,20.79
T00035,2023-07-30,C0043,Aseo,Papel Higiénico,2,2.98,5.96
T00036,2023-02-20,C0192,Bebidas,Cerveza,7,1.49,10.43
T00037,2023-08-09,C0181,Carnes,Pollo,2,8.94,17.88
T00038,2023-05-21,C0012,Frutas,Manzana,9,0.98,8.82
T00039,2023-05-18,C0174,Panadería,Pan Integral,2,3.31,6.62
T00040,2023-11-21,C0109,Snacks,Galletas,4,0.96,3.84
T00041,2023-09-01,C0162,Aseo,Shampoo,9,7.15,64.35
T00042,2023-12-15,C0098,Frutas,Uva,5,2.46,12.3
T00043,2023-09-15,C0126,Aseo,Shampoo,9,4.4,39.6
T00044,2023-03-24,C0106,Frutas,Manzana,8,2.2,17.6
T00045,2023-06-23,C0190,Lácteos,Mantequilla,4,2.67,10.68
T00046,2023-03-03,C0111,Frutas,Manzana,8,1.53,12.24
T00047,2023-09-02,C0142,Aseo,Detergente,9,3.21,28.89
T00048,2023-03-11,C0022,Panadería,Pan Blanco,7,3.25,22.75
T00049,2023-07-21,C0090,Bebidas,Agua,9,2.32,20.88
T00050,2023-08-23,C0142,Bebidas,Jugo Naranja,3,1.22,3.66
T00051,2023-01-17,C0048,Frutas,Manzana,7,1.84,12.88
T00052,2023-09-01,C0024,Bebidas,Agua,8,1.07,8.56
T00053,2023-07-13,C0162,Snacks,Galletas,10,1.93,19.3
T00054,2023-10-12,C0065,Snacks,Chocolate,2,1.49,2.98
T00055,2023-07-15,C0126,Carnes,Pollo,8,13.05,104.4
T00056,2023-12-02,C0027,Aseo,Shampoo,2,3.05,6.1
T00057,2023-02-24,C0015,Carnes,Cerdo,5,8.57,42.85
T00058,2023-05-30,C0141,Frutas,Banana,10,0.77,7.7
T00059,2023-05-21,C0019,Aseo,Papel Higiénico,9,5.91,53.19
T00060,2023-03-25,C0070,Carnes,Pollo,10,14.94,149.4
T00061,2023-05-29,C0009,Snacks,Papas Fritas,6,2.33,13.98
T00062,2023-05-12,C0171,Lácteos,Leche,7,4.18,29.26
T00063,2023-08-17,C0182,Carnes,Cerdo,1,9.78,9.78
T00064,2023-09-15,C0180,Lácteos,Yogurt,7,4.44,31.08
T00065,2023-05-26,C0124,Panadería,Croissant,1,1.53,1.53
T00066,2023-07-05,C0103,Aseo,Detergente,8,4.53,36.24
T00067,2023-10-24,C0129,Carnes,Pollo,4,7.39,29.56
T00068,2023-08-04,C0124,Carnes,Cerdo,7,9.32,65.24
T00069,2023-12-23,C0001,Panadería,Croissant,3,2.85,8.55
T00070,2023-12-31,C0039,Frutas,Naranja,8,0.81,6.48
T00071,2023-02-20,C0003,Frutas,Manzana,1,0.97,0.97
T00072,2023-07-29,C0121,Panadería,Croissant,6,3.35,20.1
T00073,2023-11-11,C0020,Aseo,Detergente,4,3.17,12.68
T00074,2023-11-16,C0028,Snacks,Papas Fritas,6,1.8,10.8
T00075,2023-04-20,C0180,Panadería,Pan Blanco,2,2.49,4.98
T00076,2023-03-22,C0127,Frutas,Naranja,9,0.7,6.3
T00077,2023-03-10,C0015,Panadería,Croissant,9,3.7,33.3
T00078,2023-05-09,C0032,Carnes,Pescado,7,11.35,79.45
T00079,2023-05-19,C0158,Snacks,Galletas,5,1.31,6.55
T00080,2023-04-08,C0097,Frutas,Manzana,9,0.9,8.1
T00081,2023-04-01,C0164,Carnes,Carne Res,2,13.13,26.26
T00082,2023-12-04,C0188,Frutas,Uva,10,2.98,29.8
T00083,2023-08-23,C0169,Bebidas,Agua,10,1.04,10.4
T00084,2023-12-08,C0021,Snacks,Papas Fritas,8,2.29,18.32
T00085,2023-02-22,C0002,Panadería,Pan Integral,10,3.71,37.1
T00086,2023-03-24,C0014,Bebidas,Cerveza,8,2.6,20.8
T00087,2023-10-06,C0021,Snacks,Galletas,1,2.29,2.29
T00088,2023-09-20,C0193,Aseo,Papel Higiénico,4,3.0,12.0
T00089,2023-07-09,C0161,Panadería,Donas,6,2.48,14.88
T00090,2023-09-24,C0173,Panadería,Pan Integral,2,3.05,6.1
T00091,2023-02-20,C0139,Lácteos,Mantequilla,1,1.58,1.58
T00092,2023-07-02,C0132,Carnes,Cerdo,8,10.3,82.4
T00093,2023-04-02,C0126,Panadería,Croissant,3,2.13,6.39
T00094,2023-06-13,C0154,Panadería,Croissant,3,1.47,4.41
T00095,2023-03-19,C0183,Frutas,Naranja,3,2.79,8.37
T00096,2023-05-12,C0065,Bebidas,Coca-Cola,4,1.7,6.8
T00097,2023-07-25,C0004,Bebidas,Cerveza,4,1.76,7.04
T00098,2023-04-10,C0160,Carnes,Carne Res,1,5.72,5.72
T00099,2023-09-26,C0070,Carnes,Pescado,10,11.73,117.3
T00100,2023-08-05,C0030,Snacks,Maní,4,0.97,3.88
T00101,2023-09-08,C0059,Frutas,Naranja,3,2.34,7.02
T00102,2023-12-19,C0172,Frutas,Banana,5,1.2,6.0
T00103,2023-09-16,C0101,Carnes,Pescado,2,6.52,13.04
T00104,2023-03-31,C0081,Frutas,Manzana,6,2.64,15.84
T00105,2023-06-15,C0172,Bebidas,Agua,9,1.73,15.57
T00106,2023-01-23,C0172,Snacks,Maní,10,2.07,20.7
T00107,2023-09-05,C0191,Lácteos,Yogurt,10,4.14,41.4
T00108,2023-10-08,C0150,Panadería,Pan Integral,2,2.11,4.22
T00109,2023-11-26,C0153,Panadería,Croissant,3,3.93,11.79
T00110,2023-11-20,C0046,Snacks,Galletas,7,0.93,6.51
T00111,2023-03-29,C0173,Panadería,Pan Blanco,6,2.29,13.74
T00112,2023-07-28,C0149,Lácteos,Mantequilla,5,4.68,23.4
T00113,2023-10-08,C0156,Carnes,Carne Res,9,5.17,46.53
T00114,2023-06-20,C0128,Lácteos,Yogurt,9,2.73,24.57
T00115,2023-03-21,C0019,Lácteos,Yogurt,10,2.09,20.9
T00116,2023-10-22,C0066,Bebidas,Agua,2,1.18,2.36
T00117,2023-08-24,C0112,Carnes,Pollo,10,11.84,118.4
T00118,2023-12-28,C0148,Panadería,Donas,6,3.23,19.38
T00119,2023-12-03,C0145,Aseo,Shampoo,6,3.66,21.96
T00120,2023-08-28,C0057,Panadería,Pan Blanco,6,1.53,9.18
T00121,2023-03-28,C0165,Carnes,Cerdo,8,7.39,59.12
T00122,2023-06-21,C0057,Snacks,Maní,1,1.48,1.48
T00123,2023-02-27,C0071,Lácteos,Yogurt,4,1.8,7.2
T00124,2023-02-02,C0004,Carnes,Pollo,2,13.88,27.76
T00125,2023-01-23,C0059,Frutas,Banana,10,1.22,12.2
T00126,2023-09-03,C0105,Frutas,Uva,5,1.44,7.2
T00127,2023-01-21,C0151,Carnes,Carne Res,7,12.32,86.24
T00128,2023-04-03,C0097,Snacks,Papas Fritas,6,1.01,6.06
T00129,2023-10-26,C0183,Bebidas,Agua,8,1.18,9.44
T00130,2023-01-31,C0158,Aseo,Shampoo,10,5.88,58.8
T00131,2023-12-27,C0188,Snacks,Chocolate,3,2.43,7.29
T00132,2023-02-03,C0033,Panadería,Croissant,3,1.78,5.34
T00133,2023-01-10,C0052,Snacks,Maní,4,0.59,2.36
T00134,2023-06-14,C0046,Snacks,Chocolate,3,1.09,3.27
T00135,2023-06-28,C0071,Panadería,Pan Blanco,6,1.25,7.5
T00136,2023-11-10,C0090,Bebidas,Jugo Naranja,9,1.69,15.21
T00137,2023-02-06,C0101,Panadería,Pan Blanco,7,3.46,24.22
T00138,2023-12-17,C0188,Frutas,Banana,7,2.28,15.96
T00139,2023-05-13,C0146,Snacks,Chocolate,3,0.58,1.74
T00140,2023-03-01,C0193,Panadería,Donas,8,3.31,26.48
T00141,2023-06-23,C0056,Panadería,Croissant,3,3.96,11.88
T00142,2023-04-17,C0193,Panadería,Donas,4,1.89,7.56
T00143,2023-10-22,C0121,Lácteos,Leche,2,3.38,6.76
T00144,2023-09-17,C0003,Panadería,Pan Integral,7,2.39,16.73
T00145,2023-11-18,C0017,Panadería,Donas,3,1.56,4.68
T00146,2023-01-05,C0193,Bebidas,Agua,10,1.1,11.0
T00147,2023-02-15,C0140,Bebidas,Cerveza,6,1.48,8.88
T00148,2023-03-21,C0172,Aseo,Papel Higiénico,4,2.92,11.68
T00149,2023-11-30,C0111,Snacks,Galletas,3,1.01,3.03
T00150,2023-06-09,C0019,Carnes,Pollo,3,9.95,29.85
T00151,2023-07-25,C0170,Frutas,Uva,2,1.86,3.72
T00152,2023-12-09,C0148,Frutas,Naranja,1,2.11,2.11
T00153,2023-03-31,C0089,Lácteos,Mantequilla,1,1.55,1.55
T00154,2023-12-29,C0182,Carnes,Carne Res,3,12.66,37.98
T00155,2023-02-15,C0193,Aseo,Detergente,9,4.41,39.69
T00156,2023-06-08,C0072,Snacks,Chocolate,7,1.63,11.41
T00157,2023-05-08,C0008,Snacks,Chocolate,2,2.08,4.16
T00158,2023-10-19,C0174,Bebidas,Jugo Naranja,2,2.7,5.4
T00159,2023-05-14,C0082,Frutas,Manzana,2,0.7,1.4
T00160,2023-07-19,C0004,Snacks,Galletas,9,1.4,12.6
T00161,2023-11-09,C0043,Aseo,Shampoo,9,6.83,61.47
T00162,2023-05-05,C0090,Carnes,Pescado,4,12.88,51.52
T00163,2023-10-09,C0172,Carnes,Carne Res,5,14.63,73.15
T00164,2023-07-20,C0091,Panadería,Donas,9,2.7,24.3
T00165,2023-11-07,C0154,Aseo,Detergente,6,2.57,15.42
T00166,2023-01-16,C0019,Snacks,Chocolate,4,1.45,5.8
T00167,2023-06-28,C0011,Bebidas,Agua,6,1.75,10.5
T00168,2023-03-25,C0138,Carnes,Pollo,8,6.86,54.88
T00169,2023-06-15,C0166,Snacks,Chocolate,7,1.65,11.55
T00170,2023-12-08,C0118,Carnes,Cerdo,4,12.29,49.16
T00171,2023-09-06,C0121,Bebidas,Agua,6,1.53,9.18
T00172,2023-01-31,C0038,Lácteos,Leche,3,4.73,14.19
T00173,2023-01-25,C0074,Panadería,Croissant,8,3.74,29.92
T00174,2023-07-25,C0167,Frutas,Uva,2,1.84,3.68
T00175,2023-12-06,C0162,Panadería,Croissant,2,2.43,4.86
T00176,2023-06-30,C0198,Panadería,Donas,10,3.02,30.2
T00177,2023-06-02,C0111,Aseo,Papel Higiénico,9,4.52,40.68
T00178,2023-03-10,C0101,Bebidas,Jugo Naranja,7,2.28,15.96
T00179,2023-09-28,C0055,Frutas,Manzana,10,0.9,9.0
T00180,2023-06-28,C0158,Snacks,Papas Fritas,4,2.24,8.96
T00181,2023-09-28,C0095,Aseo,Jabón,5,2.34,11.7
T00182,2023-10-03,C0096,Frutas,Uva,10,1.07,10.7
T00183,2023-11-08,C0112,Frutas,Manzana,8,2.57,20.56
T00184,2023-03-25,C0056,Aseo,Jabón,1,6.27,6.27
T00185,2023-06-10,C0013,Panadería,Pan Blanco,10,1.74,17.4
T00186,2023-07-25,C0194,Snacks,Papas Fritas,4,1.51,6.04
T00187,2023-03-15,C0105,Panadería,Croissant,3,2.94,8.82
T00188,2023-02-17,C0166,Carnes,Pescado,4,14.63,58.52
T00189,2023-02-28,C0030,Frutas,Uva,2,1.37,2.74
T00190,2023-06-24,C0166,Snacks,Maní,10,1.85,18.5
T00191,2023-05-31,C0191,Lácteos,Leche,2,3.93,7.86
T00192,2023-05-05,C0138,Aseo,Jabón,10,2.77,27.7
T00193,2023-09-09,C0048,Lácteos,Mantequilla,8,1.88,15.04
T00194,2023-07-31,C0001,Lácteos,Yogurt,5,3.98,19.9
T00195,2023-08-19,C0076,Aseo,Detergente,9,2.77,24.93
T00196,2023-11-19,C0043,Bebidas,Coca-Cola,2,2.15,4.3
T00197,2023-10-02,C0062,Panadería,Pan Blanco,7,3.48,24.36
T00198,2023-06-10,C0061,Bebidas,Agua,8,1.37,10.96
T00199,2023-01-04,C0060,Panadería,Pan Blanco,10,3.71,37.1
T00200,2023-09-11,C0135,Bebidas,Jugo Naranja,4,1.76,7.04
T00201,2023-04-15,C0072,Snacks,Papas Fritas,4,1.66,6.64
T00202,2023-04-20,C0114,Frutas,Uva,5,0.74,3.7
T00203,2023-01-21,C0029,Bebidas,Jugo Naranja,4,2.23,8.92
T00204,2023-11-22,C0098,Panadería,Croissant,8,3.99,31.92
T00205,2023-02-09,C0113,Frutas,Uva,1,2.47,2.47
T00206,2023-02-08,C0039,Aseo,Papel Higiénico,1,2.38,2.38
T00207,2023-02-05,C0017,Frutas,Banana,5,1.03,5.15
T00208,2023-05-30,C0068,Bebidas,Agua,4,2.28,9.12
T00209,2023-02-28,C0200,Snacks,Maní,9,0.52,4.68
T00210,2023-03-16,C0017,Bebidas,Jugo Naranja,10,1.31,13.1
T00211,2023-04-08,C0114,Aseo,Detergente,10,7.12,71.2
T00212,2023-04-18,C0172,Panadería,Pan Integral,7,1.12,7.84
T00213,2023-07-17,C0020,Panadería,Croissant,2,1.65,3.3
T00214,2023-08-22,C0102,Carnes,Pollo,4,10.26,41.04
T00215,2023-05-02,C0096,Snacks,Maní,6,1.24,7.44
T00216,2023-08-21,C0012,Carnes,Pescado,8,8.41,67.28
T00217,2023-03-21,C0122,Snacks,Papas Fritas,6,1.98,11.88
T00218,2023-11-07,C0017,Carnes,Cerdo,2,11.99,23.98
T00219,2023-10-03,C0069,Lácteos,Yogurt,8,2.09,16.72
T00220,2023-12-23,C0180,Lácteos,Yogurt,7,1.22,8.54
T00221,2023-03-09,C0041,Panadería,Donas,6,3.6,21.6
T00222,2023-01-01,C0047,Carnes,Pescado,3,6.89,20.67
T00223,2023-08-10,C0014,Bebidas,Jugo Naranja,4,1.45,5.8
T00224,2023-12-10,C0133,Panadería,Pan Blanco,10,2.41,24.1
T00225,2023-09-14,C0093,Panadería,Croissant,3,3.84,11.52
T00226,2023-10-01,C0138,Aseo,Papel Higiénico,8,7.82,62.56
T00227,2023-04-15,C0107,Snacks,Papas Fritas,3,0.71,2.13
T00228,2023-02-12,C0153,Panadería,Croissant,7,1.37,9.59
T00229,2023-12-19,C0038,Bebidas,Agua,4,2.34,9.36
T00230,2023-10-23,C0022,Lácteos,Queso,9,2.09,18.81
T00231,2023-08-04,C0053,Lácteos,Queso,5,3.14,15.7
T00232,2023-02-27,C0035,Lácteos,Leche,9,1.19,10.71
T00233,2023-03-18,C0083,Frutas,Banana,1,1.89,1.89
T00234,2023-10-14,C0189,Snacks,Maní,5,0.6,3.0
T00235,2023-12-06,C0058,Bebidas,Coca-Cola,1,1.56,1.56
T00236,2023-03-02,C0115,Bebidas,Agua,1,2.53,2.53
T00237,2023-10-12,C0077,Frutas,Manzana,9,0.85,7.65
T00238,2023-11-27,C0064,Bebidas,Coca-Cola,4,2.66,10.64
T00239,2023-10-12,C0059,Bebidas,Agua,5,1.42,7.1
T00240,2023-08-18,C0020,Frutas,Uva,2,1.79,3.58
T00241,2023-02-17,C0194,Panadería,Croissant,10,3.1,31.0
T00242,2023-08-28,C0051,Snacks,Chocolate,8,1.45,11.6
T00243,2023-03-31,C0082,Frutas,Banana,7,0.53,3.71
T00244,2023-04-20,C0070,Panadería,Donas,2,1.36,2.72
T00245,2023-10-10,C0196,Frutas,Uva,3,2.11,6.33
T00246,2023-08-09,C0014,Snacks,Maní,6,2.49,14.94
T00247,2023-11-12,C0022,Carnes,Pollo,3,13.58,40.74
T00248,2023-01-27,C0012,Snacks,Galletas,3,1.14,3.42
T00249,2023-05-16,C0035,Aseo,Shampoo,10,5.82,58.2
T00250,2023-03-13,C0059,Aseo,Detergente,6,4.79,28.74
T00251,2023-12-13,C0046,Frutas,Uva,4,0.82,3.28
T00252,2023-08-13,C0025,Bebidas,Jugo Naranja,8,1.89,15.12
T00253,2023-03-18,C0194,Aseo,Papel Higiénico,9,4.22,37.98
T00254,2023-08-24,C0049,Bebidas,Cerveza,6,2.12,12.72
T00255,2023-08-25,C0174,Aseo,Shampoo,10,5.5,55.0
T00256,2023-07-15,C0073,Aseo,Jabón,8,7.15,57.2
T00257,2023-09-08,C0053,Carnes,Pollo,5,11.33,56.65
T00258,2023-10-06,C0109,Aseo,Shampoo,5,3.23,16.15
T00259,2023-03-17,C0144,Carnes,Carne Res,3,9.61,28.83
T00260,2023-11-14,C0026,Lácteos,Mantequilla,7,4.96,34.72
T00261,2023-08-24,C0015,Carnes,Cerdo,9,13.63,122.67
T00262,2023-08-06,C0085,Aseo,Jabón,8,7.07,56.56
T00263,2023-10-19,C0011,Aseo,Papel Higiénico,6,5.56,33.36
T00264,2023-03-09,C0109,Lácteos,Queso,7,3.2,22.4
T00265,2023-08-12,C0169,Bebidas,Jugo Naranja,5,2.92,14.6
T00266,2023-02-28,C0083,Panadería,Pan Integral,3,2.51,7.53
T00267,2023-11-03,C0034,Carnes,Cerdo,3,11.95,35.85
T00268,2023-08-27,C0089,Panadería,Croissant,9,2.6,23.4
T00269,2023-05-18,C0078,Snacks,Papas Fritas,5,2.27,11.35
T00270,2023-11-24,C0197,Snacks,Maní,6,1.23,7.38
T00271,2023-01-15,C0169,Frutas,Banana,10,1.41,14.1
T00272,2023-01-18,C0167,Bebidas,Agua,1,2.64,2.64
T00273,2023-07-30,C0127,Lácteos,Leche,4,2.25,9.0
T00274,2023-05-28,C0098,Frutas,Uva,4,2.04,8.16
T00275,2023-05-06,C0063,Carnes,Pollo,5,7.33,36.65
T00276,2023-04-29,C0118,Snacks,Maní,3,1.56,4.68
T00277,2023-05-02,C0085,Carnes,Cerdo,7,6.75,47.25
T00278,2023-02-26,C0134,Lácteos,Leche,7,1.5,10.5
T00279,2023-01-05,C0030,Aseo,Shampoo,7,7.07,49.49
T00280,2023-04-06,C0131,Panadería,Donas,4,2.45,9.8
T00281,2023-09-01,C0135,Aseo,Papel Higiénico,2,2.81,5.62
T00282,2023-03-05,C0178,Lácteos,Yogurt,3,4.08,12.24
T00283,2023-12-27,C0128,Frutas,Uva,8,0.72,5.76
T00284,2023-06-22,C0115,Panadería,Donas,7,2.8,19.6
T00285,2023-08-11,C0158,Frutas,Uva,1,2.73,2.73
T00286,2023-09-23,C0137,Panadería,Pan Blanco,4,1.54,6.16
T00287,2023-12-07,C0081,Aseo,Detergente,6,5.15,30.9
T00288,2023-07-06,C0063,Bebidas,Cerveza,8,2.98,23.84
T00289,2023-10-25,C0125,Carnes,Cerdo,6,8.35,50.1
T00290,2023-12-26,C0029,Aseo,Jabón,5,2.75,13.75
T00291,2023-04-28,C0120,Snacks,Papas Fritas,5,1.58,7.9
T00292,2023-03-25,C0101,Bebidas,Agua,10,2.8,28.0
T00293,2023-08-23,C0164,Carnes,Cerdo,2,12.71,25.42
T00294,2023-05-01,C0080,Carnes,Pescado,1,6.82,6.82
T00295,2023-10-20,C0022,Lácteos,Mantequilla,9,4.63,41.67
T00296,2023-06-19,C0036,Panadería,Donas,2,1.42,2.84
T00297,2023-07-10,C0086,Lácteos,Yogurt,2,1.74,3.48
T00298,2023-06-30,C0157,Carnes,Pescado,10,12.02,120.2
T00299,2023-09-04,C0137,Frutas,Manzana,2,0.85,1.7
T00300,2023-09-21,C0154,Snacks,Papas Fritas,3,1.05,3.15
T00301,2023-10-15,C0043,Snacks,Papas Fritas,6,1.19,7.14
T00302,2023-09-02,C0036,Lácteos,Leche,10,4.5,45.0
T00303,2023-07-03,C0079,Aseo,Shampoo,4,2.4,9.6
T00304,2023-10-08,C0102,Frutas,Uva,10,2.09,20.9
T00305,2023-11-22,C0095,Snacks,Papas Fritas,1,1.95,1.95
T00306,2023-10-24,C0152,Lácteos,Mantequilla,8,3.66,29.28
T00307,2023-10-16,C0157,Frutas,Uva,10,2.22,22.2
T00308,2023-03-30,C0003,Aseo,Detergente,9,4.21,37.89
T00309,2023-07-12,C0128,Aseo,Jabón,4,3.91,15.64
T00310,2023-07-03,C0173,Snacks,Papas Fritas,1,1.84,1.84
T00311,2023-09-29,C0143,Carnes,Pescado,7,6.05,42.35
T00312,2023-03-28,C0115,Carnes,Pollo,6,5.52,33.12
T00313,2023-06-15,C0035,Aseo,Papel Higiénico,9,5.03,45.27
T00314,2023-01-29,C0184,Bebidas,Jugo Naranja,4,1.42,5.68
T00315,2023-02-18,C0153,Lácteos,Mantequilla,6,4.61,27.66
T00316,2023-03-14,C0177,Snacks,Galletas,5,2.36,11.8
T00317,2023-09-20,C0185,Lácteos,Yogurt,8,2.68,21.44
T00318,2023-03-08,C0056,Bebidas,Coca-Cola,7,1.51,10.57
T00319,2023-11-01,C0016,Frutas,Uva,8,2.84,22.72
T00320,2023-08-28,C0148,Frutas,Manzana,2,0.55,1.1
T00321,2023-08-26,C0008,Snacks,Papas Fritas,8,1.63,13.04
T00322,2023-06-24,C0100,Aseo,Jabón,9,5.46,49.14
T00323,2023-07-23,C0145,Lácteos,Leche,6,4.07,24.42
T00324,2023-01-19,C0052,Bebidas,Jugo Naranja,9,2.33,20.97
T00325,2023-08-13,C0125,Snacks,Galletas,10,1.74,17.4
T00326,2023-07-07,C0125,Panadería,Pan Blanco,1,3.58,3.58
T00327,2023-02-25,C0126,Snacks,Maní,8,1.61,12.88
T00328,2023-01-19,C0043,Panadería,Donas,7,1.77,12.39
T00329,2023-07-08,C0118,Aseo,Jabón,10,6.45,64.5
T00330,2023-06-11,C0166,Carnes,Carne Res,6,6.73,40.38
T00331,2023-01-06,C0043,Lácteos,Leche,7,3.89,27.23
T00332,2023-11-24,C0169,Aseo,Shampoo,6,7.77,46.62
T00333,2023-04-05,C0196,Aseo,Papel Higiénico,9,4.74,42.66
T00334,2023-09-06,C0066,Bebidas,Agua,2,2.11,4.22
T00335,2023-02-15,C0090,Frutas,Banana,5,1.7,8.5
T00336,2023-03-19,C0167,Snacks,Papas Fritas,6,0.95,5.7
T00337,2023-09-03,C0017,Carnes,Pescado,6,10.54,63.24
T00338,2023-11-28,C0031,Panadería,Donas,3,1.5,4.5
T00339,2023-05-30,C0018,Bebidas,Cerveza,8,1.19,9.52
T00340,2023-06-06,C0147,Snacks,Galletas,8,0.71,5.68
T00341,2023-04-12,C0051,Frutas,Uva,3,0.84,2.52
T00342,2023-03-03,C0016,Snacks,Chocolate,7,0.89,6.23
T00343,2023-07-02,C0025,Snacks,Chocolate,7,1.17,8.19
T00344,2023-09-16,C0143,Bebidas,Agua,6,2.93,17.58
T00345,2023-05-01,C0107,Bebidas,Cerveza,6,2.87,17.22
T00346,2023-05-18,C0057,Carnes,Pescado,3,13.89,41.67
T00347,2023-02-22,C0011,Lácteos,Mantequilla,7,1.26,8.82
T00348,2023-09-20,C0088,Panadería,Croissant,1,2.88,2.88
T00349,2023-06-12,C0132,Panadería,Pan Blanco,5,1.32,6.6
T00350,2023-11-09,C0050,Snacks,Maní,8,2.47,19.76
T00351,2023-10-20,C0120,Bebidas,Coca-Cola,2,2.01,4.02
T00352,2023-10-08,C0075,Frutas,Manzana,2,1.67,3.34
T00353,2023-08-13,C0091,Snacks,Papas Fritas,6,0.68,4.08
T00354,2023-03-04,C0050,Bebidas,Agua,6,1.03,6.18
T00355,2023-04-03,C0090,Aseo,Detergente,8,5.0,40.0
T00356,2023-02-04,C0087,Panadería,Donas,10,3.7,37.0
T00357,2023-05-17,C0162,Frutas,Naranja,4,0.62,2.48
T00358,2023-11-22,C0147,Snacks,Papas Fritas,4,2.31,9.24
T00359,2023-08-26,C0198,Bebidas,Agua,5,2.79,13.95
T00360,2023-02-26,C0017,Carnes,Carne Res,9,9.44,84.96
T00361,2023-03-24,C0188,Frutas,Uva,2,1.62,3.24
T00362,2023-11-14,C0106,Frutas,Uva,8,2.41,19.28
T00363,2023-06-22,C0122,Bebidas,Coca-Cola,3,1.13,3.39
T00364,2023-09-28,C0002,Panadería,Donas,5,3.77,18.85
T00365,2023-06-20,C0060,Aseo,Shampoo,4,6.98,27.92
T00366,2023-08-19,C0114,Carnes,Carne Res,3,14.6,43.8
T00367,2023-08-14,C0169,Carnes,Carne Res,6,11.55,69.3
T00368,2023-08-27,C0196,Lácteos,Leche,5,4.84,24.2
T00369,2023-09-24,C0180,Bebidas,Jugo Naranja,5,1.35,6.75
T00370,2023-10-10,C0187,Bebidas,Cerveza,1,1.9,1.9
T00371,2023-07-21,C0184,Snacks,Chocolate,3,2.19,6.57
T00372,2023-10-24,C0084,Frutas,Uva,7,0.72,5.04
T00373,2023-06-26,C0093,Bebidas,Jugo Naranja,4,1.61,6.44
T00374,2023-11-30,C0025,Lácteos,Queso,8,4.16,33.28
T00375,2023-06-07,C0095,Panadería,Croissant,7,1.48,10.36
T00376,2023-08-10,C0089,Carnes,Cerdo,9,5.79,52.11
T00377,2023-08-29,C0079,Lácteos,Yogurt,7,3.16,22.12
T00378,2023-01-09,C0143,Snacks,Papas Fritas,10,0.82,8.2
T00379,2023-02-12,C0050,Lácteos,Leche,8,2.45,19.6
T00380,2023-09-19,C0018,Carnes,Carne Res,3,10.43,31.29
T00381,2023-07-15,C0126,Lácteos,Mantequilla,4,2.65,10.6
T00382,2023-05-25,C0140,Carnes,Cerdo,8,11.12,88.96
T00383,2023-03-18,C0038,Frutas,Naranja,5,1.39,6.95
T00384,2023-06-08,C0174,Panadería,Donas,2,2.47,4.94
T00385,2023-06-13,C0090,Aseo,Shampoo,1,3.89,3.89
T00386,2023-08-08,C0198,Carnes,Pescado,6,13.99,83.94
T00387,2023-07-07,C0110,Bebidas,Agua,1,1.3,1.3
T00388,2023-09-22,C0130,Aseo,Jabón,5,4.21,21.05
T00389,2023-08-20,C0162,Lácteos,Queso,5,4.29,21.45
T00390,2023-08-07,C0188,Frutas,Naranja,5,0.94,4.7
T00391,2023-03-13,C0190,Frutas,Manzana,9,0.98,8.82
T00392,2023-11-07,C0063,Panadería,Pan Integral,6,1.36,8.16
T00393,2023-02-17,C0166,Snacks,Chocolate,3,1.29,3.87
T00394,2023-02-07,C0020,Carnes,Cerdo,1,5.68,5.68
T00395,2023-07-08,C0008,Frutas,Banana,4,2.25,9.0
T00396,2023-10-25,C0014,Carnes,Pescado,1,5.62,5.62
T00397,2023-08-18,C0003,Lácteos,Queso,6,3.43,20.58
T00398,2023-05-12,C0151,Aseo,Detergente,6,3.5,21.0
T00399,2023-02-16,C0119,Snacks,Galletas,6,1.47,8.82
T00400,2023-04-06,C0022,Panadería,Croissant,5,3.77,18.85
T00401,2023-01-21,C0064,Bebidas,Jugo Naranja,10,2.76,27.6
T00402,2023-06-14,C0194,Snacks,Maní,9,1.61,14.49
T00403,2023-10-08,C0198,Bebidas,Jugo Naranja,3,1.22,3.66
T00404,2023-04-15,C0128,Bebidas,Cerveza,10,2.21,22.1
T00405,2023-12-31,C0017,Frutas,Banana,1,1.18,1.18
T00406,2023-08-10,C0100,Frutas,Banana,2,1.52,3.04
T00407,2023-10-14,C0027,Carnes,Pollo,1,7.63,7.63
T00408,2023-09-02,C0185,Frutas,Uva,8,2.78,22.24
T00409,2023-07-29,C0147,Snacks,Maní,7,1.66,11.62
T00410,2023-10-24,C0162,Frutas,Naranja,5,2.76,13.8
T00411,2023-06-24,C0033,Aseo,Shampoo,9,7.78,70.02
T00412,2023-11-14,C0080,Lácteos,Leche,4,3.97,15.88
T00413,2023-03-03,C0168,Snacks,Chocolate,6,1.37,8.22
T00414,2023-09-23,C0060,Panadería,Croissant,8,3.61,28.88
T00415,2023-12-28,C0197,Aseo,Detergente,2,2.56,5.12
T00416,2023-11-28,C0046,Snacks,Chocolate,4,0.92,3.68
T00417,2023-05-25,C0012,Snacks,Papas Fritas,10,0.52,5.2
T00418,2023-01-21,C0172,Panadería,Pan Integral,10,1.04,10.4
T00419,2023-06-06,C0156,Bebidas,Jugo Naranja,8,1.09,8.72
T00420,2023-10-08,C0199,Frutas,Uva,1,1.72,1.72
T00421,2023-07-13,C0071,Bebidas,Cerveza,8,2.09,16.72
T00422,2023-12-22,C0158,Bebidas,Cerveza,1,2.25,2.25
T00423,2023-03-07,C0169,Frutas,Uva,9,1.8,16.2
T00424,2023-05-04,C0023,Frutas,Manzana,7,0.83,5.81
T00425,2023-03-11,C0109,Bebidas,Cerveza,8,2.63,21.04
T00426,2023-04-27,C0110,Bebidas,Agua,2,1.89,3.78
T00427,2023-08-11,C0045,Panadería,Donas,6,3.56,21.36
T00428,2023-03-01,C0141,Aseo,Jabón,8,6.96,55.68
T00429,2023-07-24,C0162,Carnes,Pescado,3,10.53,31.59
T00430,2023-08-23,C0118,Snacks,Maní,7,0.62,4.34
T00431,2023-07-06,C0131,Snacks,Maní,10,1.54,15.4
T00432,2023-12-05,C0012,Snacks,Papas Fritas,10,1.53,15.3
T00433,2023-09-12,C0066,Snacks,Papas Fritas,1,1.26,1.26
T00434,2023-06-17,C0029,Frutas,Banana,3,2.05,6.15
T00435,2023-12-01,C0155,Frutas,Uva,1,1.29,1.29
T00436,2023-08-08,C0044,Bebidas,Agua,7,1.23,8.61
T00437,2023-01-28,C0137,Snacks,Papas Fritas,3,1.49,4.47
T00438,2023-10-17,C0017,Bebidas,Cerveza,2,2.72,5.44
T00439,2023-03-06,C0179,Carnes,Pollo,6,5.86,35.16
T00440,2023-11-07,C0175,Snacks,Galletas,3,1.43,4.29
T00441,2023-01-06,C0197,Carnes,Pescado,9,10.16,91.44
T00442,2023-10-12,C0185,Panadería,Pan Integral,10,2.87,28.7
T00443,2023-01-06,C0160,Snacks,Papas Fritas,4,1.56,6.24
T00444,2023-07-30,C0148,Aseo,Papel Higiénico,10,3.94,39.4
T00445,2023-03-25,C0031,Panadería,Pan Blanco,1,3.94,3.94
T00446,2023-09-06,C0100,Aseo,Jabón,8,6.37,50.96
T00447,2023-01-02,C0025,Lácteos,Leche,8,2.97,23.76
T00448,2023-06-14,C0068,Panadería,Donas,10,3.63,36.3
T00449,2023-10-21,C0032,Aseo,Jabón,1,2.94,2.94
T00450,2023-06-07,C0170,Carnes,Pescado,9,5.18,46.62
T00451,2023-07-25,C0182,Aseo,Jabón,5,3.91,19.55
T00452,2023-09-01,C0030,Frutas,Banana,8,1.38,11.04
T00453,2023-01-14,C0167,Lácteos,Leche,8,3.25,26.0
T00454,2023-11-25,C0015,Snacks,Papas Fritas,8,1.74,13.92
T00455,2023-06-16,C0105,Snacks,Papas Fritas,10,2.07,20.7
T00456,2023-07-20,C0150,Bebidas,Coca-Cola,1,1.34,1.34
T00457,2023-11-26,C0038,Carnes,Carne Res,10,6.54,65.4
T00458,2023-07-04,C0100,Bebidas,Cerveza,5,2.16,10.8
T00459,2023-05-09,C0085,Snacks,Galletas,5,1.59,7.95
T00460,2023-02-12,C0011,Bebidas,Jugo Naranja,10,2.77,27.7
T00461,2023-07-01,C0187,Lácteos,Queso,1,2.64,2.64
T00462,2023-05-17,C0080,Bebidas,Jugo Naranja,5,1.32,6.6
T00463,2023-01-03,C0017,Panadería,Donas,2,1.6,3.2
T00464,2023-04-09,C0081,Snacks,Maní,1,0.75,0.75
T00465,2023-05-15,C0116,Aseo,Papel Higiénico,4,3.63,14.52
T00466,2023-11-05,C0041,Frutas,Manzana,4,1.15,4.6
T00467,2023-04-25,C0193,Bebidas,Cerveza,4,2.51,10.04
T00468,2023-08-14,C0183,Frutas,Uva,2,1.36,2.72
T00469,2023-04-14,C0014,Lácteos,Leche,9,2.09,18.81
T00470,2023-12-25,C0036,Frutas,Uva,7,0.79,5.53
T00471,2023-06-07,C0178,Snacks,Maní,10,0.66,6.6
T00472,2023-07-13,C0154,Frutas,Banana,6,1.28,7.68
T00473,2023-01-24,C0012,Lácteos,Leche,3,1.06,3.18
T00474,2023-03-06,C0095,Frutas,Uva,9,1.5,13.5
T00475,2023-08-10,C0067,Carnes,Pollo,9,12.7,114.3
T00476,2023-04-10,C0135,Snacks,Papas Fritas,4,0.68,2.72
T00477,2023-04-02,C0053,Lácteos,Mantequilla,10,4.3,43.0
T00478,2023-03-06,C0095,Lácteos,Queso,7,2.44,17.08
T00479,2023-11-07,C0033,Frutas,Naranja,2,1.18,2.36
T00480,2023-10-15,C0095,Lácteos,Yogurt,7,3.83,26.81
T00481,2023-04-15,C0030,Snacks,Chocolate,2,0.95,1.9
T00482,2023-09-06,C0198,Frutas,Manzana,1,2.15,2.15
T00483,2023-12-28,C0071,Snacks,Papas Fritas,10,0.65,6.5
T00484,2023-09-14,C0193,Bebidas,Cerveza,10,1.93,19.3
T00485,2023-07-19,C0184,Frutas,Naranja,4,1.27,5.08
T00486,2023-02-28,C0073,Aseo,Papel Higiénico,8,6.78,54.24
T00487,2023-06-03,C0006,Frutas,Naranja,9,2.34,21.06
T00488,2023-08-26,C0093,Carnes,Pescado,5,12.81,64.05
T00489,2023-03-31,C0049,Snacks,Papas Fritas,4,0.63,2.52
T00490,2023-06-12,C0012,Bebidas,Agua,7,2.87,20.09
T00491,2023-11-17,C0187,Snacks,Chocolate,4,2.48,9.92
T00492,2023-11-16,C0015,Bebidas,Agua,10,2.19,21.9
T00493,2023-08-20,C0136,Carnes,Pollo,10,13.36,133.6
T00494,2023-06-20,C0025,Panadería,Croissant,8,3.14,25.12
T00495,2023-07-14,C0178,Lácteos,Mantequilla,4,1.35,5.4
T00496,2023-04-02,C0077,Panadería,Croissant,10,1.96,19.6
T00497,2023-02-12,C0112,Lácteos,Mantequilla,5,1.83,9.15
T00498,2023-12-14,C0185,Carnes,Cerdo,7,12.39,86.73
T00499,2023-02-01,C0159,Aseo,Jabón,3,2.55,7.65
T00500,2023-05-19,C0136,Carnes,Carne Res,5,11.91,59.55
T00501,2023-04-24,C0196,Panadería,Pan Integral,8,2.96,23.68
T00502,2023-03-01,C0168,Carnes,Carne Res,5,12.92,64.6
T00503,2023-06-02,C0055,Aseo,Shampoo,1,5.05,5.05
T00504,2023-02-09,C0136,Snacks,Chocolate,3,1.47,4.41
T00505,2023-07-23,C0045,Carnes,Pescado,5,8.65,43.25
T00506,2023-07-29,C0052,Aseo,Jabón,4,5.22,20.88
T00507,2023-03-18,C0101,Snacks,Galletas,9,2.4,21.6
T00508,2023-01-29,C0193,Lácteos,Leche,6,3.89,23.34
T00509,2023-08-14,C0021,Snacks,Papas Fritas,5,1.54,7.7
T00510,2023-10-21,C0198,Lácteos,Queso,2,2.98,5.96
T00511,2023-06-27,C0047,Panadería,Pan Integral,1,1.1,1.1
T00512,2023-10-03,C0158,Panadería,Donas,6,3.55,21.3
T00513,2023-06-29,C0144,Lácteos,Yogurt,9,4.67,42.03
T00514,2023-11-16,C0049,Frutas,Manzana,5,0.69,3.45
T00515,2023-04-19,C0042,Frutas,Banana,5,1.04,5.2
T00516,2023-07-17,C0006,Aseo,Jabón,5,4.67,23.35
T00517,2023-05-10,C0024,Frutas,Manzana,6,0.87,5.22
T00518,2023-10-06,C0028,Snacks,Chocolate,6,1.5,9.0
T00519,2023-08-02,C0047,Bebidas,Agua,8,2.38,19.04
T00520,2023-11-07,C0064,Snacks,Maní,6,1.95,11.7
T00521,2023-02-28,C0160,Bebidas,Cerveza,9,2.48,22.32
T00522,2023-06-16,C0171,Carnes,Carne Res,10,13.54,135.4
T00523,2023-06-16,C0093,Frutas,Naranja,10,0.56,5.6
T00524,2023-06-23,C0083,Aseo,Detergente,9,7.28,65.52
T00525,2023-10-31,C0118,Snacks,Chocolate,1,0.98,0.98
T00526,2023-03-24,C0006,Aseo,Jabón,2,3.12,6.24
T00527,2023-05-25,C0089,Lácteos,Queso,3,1.03,3.09
T00528,2023-09-04,C0024,Lácteos,Mantequilla,3,2.09,6.27
T00529,2023-04-24,C0134,Snacks,Maní,10,2.47,24.7
T00530,2023-12-22,C0193,Panadería,Pan Integral,9,2.99,26.91
T00531,2023-01-20,C0128,Lácteos,Queso,10,3.58,35.8
T00532,2023-05-17,C0059,Bebidas,Jugo Naranja,1,1.23,1.23
T00533,2023-01-20,C0192,Frutas,Banana,9,1.47,13.23
T00534,2023-08-05,C0189,Frutas,Uva,2,1.17,2.34
T00535,2023-06-28,C0006,Lácteos,Queso,1,4.62,4.62
T00536,2023-05-10,C0120,Aseo,Jabón,2,4.44,8.88
T00537,2023-04-02,C0177,Snacks,Chocolate,9,0.61,5.49
T00538,2023-10-27,C0031,Panadería,Donas,5,3.18,15.9
T00539,2023-06-29,C0010,Panadería,Pan Blanco,7,2.82,19.74
T00540,2023-08-24,C0008,Lácteos,Leche,7,4.48,31.36
T00541,2023-05-22,C0059,Lácteos,Mantequilla,3,1.02,3.06
T00542,2023-07-04,C0067,Aseo,Detergente,8,4.17,33.36
T00543,2023-09-05,C0045,Aseo,Detergente,3,5.62,16.86
T00544,2023-04-18,C0093,Panadería,Pan Blanco,6,1.63,9.78
T00545,2023-06-01,C0196,Carnes,Carne Res,1,12.41,12.41
T00546,2023-09-30,C0143,Lácteos,Leche,10,3.81,38.1
T00547,2023-03-02,C0137,Aseo,Papel Higiénico,1,6.98,6.98
T00548,2023-05-16,C0063,Bebidas,Cerveza,6,1.09,6.54
T00549,2023-08-12,C0178,Snacks,Chocolate,10,0.79,7.9
T00550,2023-07-12,C0030,Aseo,Detergente,10,5.73,57.3
T00551,2023-04-21,C0137,Frutas,Uva,7,1.92,13.44
T00552,2023-06-15,C0160,Panadería,Donas,2,2.38,4.76
T00553,2023-11-20,C0010,Snacks,Papas Fritas,6,2.48,14.88
T00554,2023-05-27,C0157,Lácteos,Leche,10,1.5,15.0
T00555,2023-11-20,C0154,Snacks,Papas Fritas,3,0.63,1.89
T00556,2023-05-20,C0075,Frutas,Banana,3,1.65,4.95
T00557,2023-07-18,C0117,Aseo,Papel Higiénico,1,5.25,5.25
T00558,2023-01-27,C0199,Frutas,Naranja,9,2.11,18.99
T00559,2023-03-17,C0033,Frutas,Manzana,7,0.67,4.69
T00560,2023-11-14,C0018,Bebidas,Coca-Cola,5,2.75,13.75
T00561,2023-09-10,C0140,Panadería,Pan Blanco,3,3.44,10.32
T00562,2023-06-29,C0140,Snacks,Maní,6,1.65,9.9
T00563,2023-02-07,C0122,Aseo,Jabón,1,2.08,2.08
T00564,2023-06-08,C0131,Lácteos,Leche,10,2.33,23.3
T00565,2023-01-22,C0083,Frutas,Uva,7,0.94,6.58
T00566,2023-12-30,C0133,Carnes,Pescado,1,13.27,13.27
T00567,2023-04-06,C0164,Lácteos,Leche,5,3.56,17.8
T00568,2023-06-12,C0052,Lácteos,Mantequilla,4,3.71,14.84
T00569,2023-04-15,C0051,Aseo,Jabón,4,6.78,27.12
T00570,2023-11-24,C0093,Aseo,Shampoo,6,6.07,36.42
T00571,2023-06-28,C0180,Snacks,Galletas,7,1.18,8.26
T00572,2023-02-21,C0188,Carnes,Cerdo,8,10.23,81.84
T00573,2023-07-14,C0023,Carnes,Pollo,7,10.86,76.02
T00574,2023-03-15,C0017,Aseo,Papel Higiénico,2,7.47,14.94
T00575,2023-02-04,C0016,Snacks,Maní,9,1.57,14.13
T00576,2023-12-28,C0124,Frutas,Naranja,6,2.85,17.1
T00577,2023-08-26,C0119,Lácteos,Yogurt,9,2.37,21.33
T00578,2023-05-14,C0177,Panadería,Pan Integral,2,1.9,3.8
T00579,2023-12-12,C0032,Aseo,Shampoo,9,3.51,31.59
T00580,2023-09-19,C0065,Carnes,Cerdo,6,14.43,86.58
T00581,2023-03-16,C0072,Aseo,Detergente,8,6.33,50.64
T00582,2023-09-21,C0162,Snacks,Papas Fritas,1,0.96,0.96
T00583,2023-01-22,C0155,Carnes,Carne Res,7,7.2,50.4
T00584,2023-10-27,C0008,Carnes,Pollo,1,13.48,13.48
T00585,2023-01-05,C0092,Aseo,Jabón,3,7.24,21.72
T00586,2023-12-13,C0156,Aseo,Jabón,4,5.39,21.56
T00587,2023-08-15,C0089,Lácteos,Yogurt,1,4.99,4.99
T00588,2023-05-14,C0177,Frutas,Uva,9,2.87,25.83
T00589,2023-08-20,C0145,Panadería,Donas,6,2.42,14.52
T00590,2023-12-18,C0184,Bebidas,Cerveza,3,2.8,8.4
T00591,2023-01-10,C0198,Frutas,Manzana,1,0.9,0.9
T00592,2023-06-26,C0124,Snacks,Chocolate,4,1.57,6.28
T00593,2023-10-24,C0137,Aseo,Papel Higiénico,5,7.2,36.0
T00594,2023-02-22,C0054,Carnes,Cerdo,8,7.51,60.08
T00595,2023-08-21,C0129,Bebidas,Coca-Cola,10,1.25,12.5
T00596,2023-05-30,C0086,Panadería,Pan Blanco,7,1.35,9.45
T00597,2023-02-10,C0100,Lácteos,Queso,4,3.12,12.48
T00598,2023-11-05,C0190,Frutas,Manzana,7,0.86,6.02
T00599,2023-01-12,C0061,Bebidas,Agua,4,2.43,9.72
T00600,2023-08-20,C0087,Panadería,Croissant,1,3.56,3.56
T00601,2023-01-22,C0083,Snacks,Chocolate,10,0.99,9.9
T00602,2023-01-14,C0061,Frutas,Manzana,2,2.8,5.6
T00603,2023-09-05,C0147,Frutas,Banana,2,2.64,5.28
T00604,2023-09-04,C0100,Aseo,Jabón,1,7.39,7.39
T00605,2023-08-09,C0161,Aseo,Shampoo,10,6.37,63.7
T00606,2023-10-29,C0137,Bebidas,Cerveza,3,2.35,7.05
T00607,2023-12-03,C0143,Lácteos,Leche,10,1.35,13.5
T00608,2023-03-29,C0030,Aseo,Shampoo,9,5.29,47.61
T00609,2023-06-02,C0030,Bebidas,Jugo Naranja,8,1.41,11.28
T00610,2023-05-17,C0172,Lácteos,Queso,4,1.03,4.12
T00611,2023-02-14,C0080,Bebidas,Cerveza,10,2.33,23.3
T00612,2023-11-10,C0184,Frutas,Uva,4,0.88,3.52
T00613,2023-06-07,C0083,Snacks,Maní,6,1.0,6.0
T00614,2023-02-25,C0066,Bebidas,Coca-Cola,3,2.65,7.95
T00615,2023-01-23,C0011,Aseo,Detergente,5,2.08,10.4
T00616,2023-12-24,C0003,Lácteos,Yogurt,10,2.87,28.7
T00617,2023-06-15,C0004,Aseo,Jabón,8,2.81,22.48
T00618,2023-05-13,C0056,Aseo,Jabón,4,5.71,22.84
T00619,2023-09-07,C0170,Snacks,Maní,10,1.47,14.7
T00620,2023-07-07,C0125,Panadería,Pan Blanco,4,1.49,5.96
T00621,2023-12-29,C0040,Frutas,Banana,7,2.85,19.95
T00622,2023-11-09,C0197,Carnes,Cerdo,3,11.6,34.8
T00623,2023-04-03,C0129,Snacks,Chocolate,9,0.58,5.22
T00624,2023-12-25,C0176,Frutas,Uva,6,2.22,13.32
T00625,2023-04-23,C0181,Frutas,Manzana,10,1.15,11.5
T00626,2023-09-16,C0001,Lácteos,Mantequilla,3,4.93,14.79
T00627,2023-05-12,C0170,Snacks,Chocolate,9,0.63,5.67
T00628,2023-01-20,C0027,Carnes,Pollo,6,5.26,31.56
T00629,2023-09-04,C0073,Carnes,Pescado,1,13.65,13.65
T00630,2023-09-29,C0199,Panadería,Pan Blanco,6,3.6,21.6
T00631,2023-08-13,C0155,Carnes,Pollo,10,7.23,72.3
T00632,2023-10-21,C0138,Aseo,Papel Higiénico,3,6.53,19.59
T00633,2023-11-18,C0012,Panadería,Pan Blanco,2,1.05,2.1
T00634,2023-04-05,C0048,Aseo,Detergente,4,6.62,26.48
T00635,2023-05-01,C0199,Snacks,Chocolate,7,0.67,4.69
T00636,2023-08-04,C0177,Lácteos,Yogurt,6,2.32,13.92
T00637,2023-04-03,C0021,Frutas,Uva,1,1.61,1.61
T00638,2023-01-02,C0182,Bebidas,Jugo Naranja,2,1.13,2.26
T00639,2023-07-03,C0058,Bebidas,Cerveza,8,2.95,23.6
T00640,2023-12-25,C0043,Lácteos,Leche,10,1.86,18.6
T00641,2023-01-24,C0038,Snacks,Maní,9,1.56,14.04
T00642,2023-06-16,C0095,Bebidas,Jugo Naranja,1,1.89,1.89
T00643,2023-08-25,C0102,Snacks,Maní,1,1.59,1.59
T00644,2023-10-18,C0168,Frutas,Uva,8,2.22,17.76
T00645,2023-08-04,C0008,Bebidas,Jugo Naranja,5,2.06,10.3
T00646,2023-04-11,C0138,Carnes,Carne Res,8,7.41,59.28
T00647,2023-03-20,C0077,Lácteos,Queso,2,2.47,4.94
T00648,2023-07-20,C0010,Snacks,Galletas,9,2.16,19.44
T00649,2023-12-14,C0177,Carnes,Cerdo,8,6.38,51.04
T00650,2023-08-13,C0077,Frutas,Naranja,2,1.37,2.74
T00651,2023-12-24,C0091,Bebidas,Cerveza,10,1.06,10.6
T00652,2023-06-29,C0130,Aseo,Jabón,7,2.53,17.71
T00653,2023-08-26,C0039,Snacks,Chocolate,8,0.55,4.4
T00654,2023-05-04,C0077,Carnes,Pollo,7,11.62,81.34
T00655,2023-10-28,C0158,Carnes,Cerdo,5,14.41,72.05
T00656,2023-04-17,C0129,Aseo,Papel Higiénico,5,7.16,35.8
T00657,2023-01-19,C0142,Snacks,Chocolate,1,2.39,2.39
T00658,2023-09-15,C0059,Frutas,Banana,2,1.79,3.58
T00659,2023-07-29,C0118,Bebidas,Coca-Cola,10,2.14,21.4
T00660,2023-07-18,C0115,Frutas,Banana,9,2.32,20.88
T00661,2023-09-26,C0043,Panadería,Donas,3,3.3,9.9
T00662,2023-11-26,C0143,Panadería,Donas,10,2.02,20.2
T00663,2023-07-21,C0063,Lácteos,Yogurt,2,4.35,8.7
T00664,2023-06-20,C0185,Lácteos,Leche,3,2.32,6.96
T00665,2023-01-20,C0003,Lácteos,Mantequilla,6,1.05,6.3
T00666,2023-02-26,C0062,Frutas,Uva,8,2.51,20.08
T00667,2023-12-04,C0184,Frutas,Naranja,10,2.11,21.1
T00668,2023-12-27,C0081,Carnes,Carne Res,6,7.36,44.16
T00669,2023-02-13,C0085,Bebidas,Coca-Cola,10,1.74,17.4
T00670,2023-04-16,C0146,Lácteos,Leche,6,2.06,12.36
T00671,2023-07-13,C0148,Carnes,Pescado,3,8.13,24.39
T00672,2023-06-17,C0078,Aseo,Detergente,9,6.95,62.55
T00673,2023-08-31,C0122,Lácteos,Mantequilla,6,2.02,12.12
T00674,2023-02-27,C0108,Bebidas,Coca-Cola,3,2.53,7.59
T00675,2023-07-15,C0104,Lácteos,Mantequilla,6,1.16,6.96
T00676,2023-01-26,C0079,Lácteos,Mantequilla,1,1.79,1.79
T00677,2023-09-21,C0119,Panadería,Croissant,6,1.63,9.78
T00678,2023-02-11,C0018,Lácteos,Leche,8,2.08,16.64
T00679,2023-07-31,C0002,Snacks,Chocolate,1,2.24,2.24
T00680,2023-12-30,C0016,Aseo,Papel Higiénico,5,3.1,15.5
T00681,2023-04-24,C0143,Frutas,Naranja,8,1.13,9.04
T00682,2023-01-29,C0179,Frutas,Banana,3,2.71,8.13
T00683,2023-01-01,C0021,Lácteos,Yogurt,1,3.29,3.29
T00684,2023-12-17,C0114,Frutas,Manzana,9,1.43,12.87
T00685,2023-06-02,C0112,Carnes,Cerdo,3,11.73,35.19
T00686,2023-05-09,C0185,Bebidas,Coca-Cola,6,1.81,10.86
T00687,2023-09-19,C0049,Lácteos,Mantequilla,6,2.26,13.56
T00688,2023-10-04,C0132,Carnes,Pescado,2,12.96,25.92
T00689,2023-01-05,C0167,Bebidas,Coca-Cola,1,1.44,1.44
T00690,2023-04-13,C0078,Carnes,Pollo,3,11.84,35.52
T00691,2023-12-10,C0164,Carnes,Carne Res,8,12.6,100.8
T00692,2023-06-07,C0180,Bebidas,Cerveza,7,2.76,19.32
T00693,2023-01-17,C0130,Bebidas,Cerveza,4,1.6,6.4
T00694,2023-12-27,C0154,Panadería,Pan Blanco,4,2.0,8.0
T00695,2023-08-20,C0002,Frutas,Manzana,1,2.23,2.23
T00696,2023-06-18,C0067,Frutas,Naranja,1,0.57,0.57
T00697,2023-06-23,C0186,Snacks,Maní,9,1.11,9.99
T00698,2023-11-10,C0101,Panadería,Pan Integral,7,2.65,18.55
T00699,2023-12-25,C0122,Snacks,Chocolate,2,1.22,2.44
T00700,2023-03-01,C0199,Lácteos,Leche,10,3.17,31.7
T00701,2023-08-22,C0112,Frutas,Banana,6,2.08,12.48
T00702,2023-07-16,C0140,Lácteos,Leche,7,1.33,9.31
T00703,2023-12-22,C0200,Bebidas,Jugo Naranja,7,1.19,8.33
T00704,2023-10-15,C0045,Lácteos,Yogurt,4,3.34,13.36
T00705,2023-08-17,C0081,Frutas,Manzana,3,0.86,2.58
T00706,2023-02-26,C0048,Lácteos,Mantequilla,4,1.42,5.68
T00707,2023-11-29,C0125,Snacks,Maní,3,1.92,5.76
T00708,2023-10-06,C0065,Frutas,Naranja,4,2.32,9.28
T00709,2023-11-01,C0054,Aseo,Jabón,7,2.5,17.5
T00710,2023-02-11,C0049,Bebidas,Cerveza,7,1.85,12.95
T00711,2023-06-11,C0033,Aseo,Shampoo,2,6.7,13.4
T00712,2023-06-28,C0022,Snacks,Chocolate,2,0.79,1.58
T00713,2023-10-09,C0183,Carnes,Cerdo,1,9.51,9.51
T00714,2023-01-30,C0077,Panadería,Croissant,3,3.22,9.66
T00715,2023-06-08,C0111,Aseo,Papel Higiénico,5,6.22,31.1
T00716,2023-11-01,C0009,Snacks,Maní,7,1.54,10.78
T00717,2023-06-10,C0102,Aseo,Detergente,4,4.03,16.12
T00718,2023-08-05,C0146,Snacks,Papas Fritas,2,1.1,2.2
T00719,2023-03-23,C0105,Aseo,Papel Higiénico,10,3.92,39.2
T00720,2023-07-06,C0003,Snacks,Papas Fritas,1,0.64,0.64
T00721,2023-05-17,C0170,Carnes,Pollo,7,11.25,78.75
T00722,2023-03-27,C0135,Snacks,Chocolate,3,2.15,6.45
T00723,2023-09-16,C0001,Snacks,Chocolate,2,2.29,4.58
T00724,2023-05-30,C0055,Aseo,Shampoo,5,2.22,11.1
T00725,2023-09-04,C0193,Snacks,Maní,9,2.0,18.0
T00726,2023-03-02,C0177,Bebidas,Coca-Cola,8,1.06,8.48
T00727,2023-06-20,C0088,Panadería,Pan Blanco,6,1.74,10.44
T00728,2023-12-17,C0121,Aseo,Papel Higiénico,4,7.9,31.6
T00729,2023-09-06,C0070,Snacks,Maní,1,1.41,1.41
T00730,2023-07-22,C0159,Panadería,Donas,1,1.09,1.09
T00731,2023-01-15,C0186,Bebidas,Cerveza,5,1.6,8.0
T00732,2023-04-26,C0061,Bebidas,Jugo Naranja,7,2.61,18.27
T00733,2023-05-11,C0156,Lácteos,Mantequilla,7,2.44,17.08
T00734,2023-01-27,C0119,Bebidas,Jugo Naranja,4,2.59,10.36
T00735,2023-06-28,C0082,Lácteos,Queso,7,2.76,19.32
T00736,2023-09-05,C0080,Bebidas,Jugo Naranja,7,2.87,20.09
T00737,2023-07-20,C0096,Lácteos,Mantequilla,3,4.17,12.51
T00738,2023-03-04,C0031,Carnes,Carne Res,7,9.11,63.77
T00739,2023-08-02,C0034,Frutas,Naranja,10,0.76,7.6
T00740,2023-05-22,C0061,Snacks,Papas Fritas,2,1.22,2.44
T00741,2023-03-26,C0053,Panadería,Pan Integral,7,1.49,10.43
T00742,2023-11-18,C0032,Lácteos,Mantequilla,3,1.1,3.3
T00743,2023-02-27,C0087,Lácteos,Leche,7,3.79,26.53
T00744,2023-03-09,C0142,Frutas,Banana,1,1.34,1.34
T00745,2023-05-17,C0017,Frutas,Manzana,5,1.26,6.3
T00746,2023-04-03,C0089,Lácteos,Mantequilla,5,3.89,19.45
T00747,2023-05-29,C0098,Bebidas,Jugo Naranja,7,2.26,15.82
T00748,2023-12-02,C0019,Carnes,Carne Res,10,5.29,52.9
T00749,2023-07-14,C0111,Aseo,Papel Higiénico,3,6.12,18.36
T00750,2023-10-13,C0141,Lácteos,Mantequilla,4,2.13,8.52
T00751,2023-11-20,C0021,Bebidas,Coca-Cola,7,2.16,15.12
T00752,2023-06-09,C0012,Aseo,Jabón,8,5.77,46.16
T00753,2023-10-18,C0081,Panadería,Donas,7,3.99,27.93
T00754,2023-03-11,C0047,Panadería,Pan Blanco,10,1.69,16.9
T00755,2023-02-12,C0127,Bebidas,Cerveza,2,1.84,3.68
T00756,2023-10-23,C0123,Carnes,Carne Res,8,10.79,86.32
T00757,2023-02-16,C0075,Bebidas,Jugo Naranja,8,2.25,18.0
T00758,2023-12-04,C0012,Frutas,Uva,4,2.32,9.28
T00759,2023-05-09,C0138,Snacks,Galletas,7,1.45,10.15
T00760,2023-05-22,C0012,Bebidas,Agua,1,2.9,2.9
T00761,2023-12-28,C0006,Lácteos,Yogurt,1,2.6,2.6
T00762,2023-09-22,C0126,Aseo,Papel Higiénico,1,5.74,5.74
T00763,2023-01-12,C0018,Lácteos,Leche,8,2.93,23.44
T00764,2023-06-03,C0054,Aseo,Shampoo,4,6.07,24.28
T00765,2023-05-26,C0138,Frutas,Manzana,6,2.41,14.46
T00766,2023-12-30,C0033,Panadería,Donas,8,1.72,13.76
T00767,2023-10-02,C0093,Lácteos,Queso,10,3.82,38.2
T00768,2023-10-30,C0114,Bebidas,Coca-Cola,4,1.35,5.4
T00769,2023-11-17,C0031,Carnes,Pescado,10,14.06,140.6
T00770,2023-02-13,C0070,Carnes,Pescado,5,5.5,27.5
T00771,2023-07-26,C0110,Bebidas,Agua,8,2.92,23.36
T00772,2023-02-09,C0129,Panadería,Croissant,9,2.11,18.99
T00773,2023-12-21,C0014,Frutas,Banana,5,2.75,13.75
T00774,2023-11-25,C0005,Frutas,Banana,5,2.31,11.55
T00775,2023-12-16,C0071,Lácteos,Queso,6,2.95,17.7
T00776,2023-07-31,C0060,Frutas,Banana,3,1.87,5.61
T00777,2023-07-06,C0013,Snacks,Papas Fritas,10,1.72,17.2
T00778,2023-11-30,C0167,Aseo,Papel Higiénico,7,5.18,36.26
T00779,2023-05-16,C0045,Lácteos,Leche,7,2.36,16.52
T00780,2023-04-12,C0058,Aseo,Papel Higiénico,2,5.38,10.76
T00781,2023-08-26,C0118,Frutas,Uva,6,1.24,7.44
T00782,2023-12-13,C0055,Carnes,Cerdo,4,13.78,55.12
T00783,2023-08-15,C0156,Bebidas,Jugo Naranja,9,1.2,10.8
T00784,2023-09-26,C0087,Bebidas,Agua,6,2.68,16.08
T00785,2023-04-19,C0174,Panadería,Pan Integral,4,2.0,8.0
T00786,2023-02-08,C0055,Bebidas,Agua,7,1.55,10.85
T00787,2023-05-21,C0180,Snacks,Chocolate,9,0.8,7.2
T00788,2023-09-15,C0179,Carnes,Pollo,7,7.53,52.71
T00789,2023-07-03,C0098,Snacks,Papas Fritas,8,0.95,7.6
T00790,2023-12-22,C0165,Bebidas,Coca-Cola,3,1.02,3.06
T00791,2023-12-04,C0142,Snacks,Galletas,3,2.45,7.35
T00792,2023-12-30,C0063,Frutas,Banana,5,1.05,5.25
T00793,2023-12-05,C0109,Frutas,Naranja,6,1.13,6.78
T00794,2023-03-07,C0151,Frutas,Manzana,10,2.03,20.3
T00795,2023-10-16,C0185,Bebidas,Agua,4,1.38,5.52
T00796,2023-05-10,C0154,Frutas,Naranja,10,2.38,23.8
T00797,2023-10-05,C0019,Aseo,Detergente,2,6.19,12.38
T00798,2023-03-27,C0051,Carnes,Cerdo,3,13.65,40.95
T00799,2023-04-28,C0187,Snacks,Galletas,7,2.08,14.56
T00800,2023-08-13,C0016,Aseo,Jabón,5,5.57,27.85
T00801,2023-01-04,C0039,Lácteos,Mantequilla,6,2.92,17.52
T00802,2023-07-30,C0043,Carnes,Pollo,8,12.95,103.6
T00803,2023-12-19,C0135,Frutas,Uva,1,2.88,2.88
T00804,2023-12-28,C0122,Lácteos,Yogurt,3,3.28,9.84
T00805,2023-10-13,C0047,Snacks,Papas Fritas,9,0.82,7.38
T00806,2023-11-12,C0101,Panadería,Pan Integral,2,3.66,7.32
T00807,2023-12-19,C0198,Lácteos,Queso,10,4.36,43.6
T00808,2023-09-30,C0104,Panadería,Pan Integral,10,2.56,25.6
T00809,2023-07-15,C0147,Bebidas,Agua,7,2.89,20.23
T00810,2023-10-28,C0021,Bebidas,Coca-Cola,8,2.6,20.8
T00811,2023-07-21,C0131,Lácteos,Mantequilla,3,4.52,13.56
T00812,2023-07-07,C0119,Bebidas,Coca-Cola,2,1.15,2.3
T00813,2023-03-04,C0013,Carnes,Pollo,9,10.77,96.93
T00814,2023-11-12,C0013,Carnes,Pollo,10,10.38,103.8
T00815,2023-06-13,C0008,Snacks,Galletas,5,2.08,10.4
T00816,2023-12-16,C0196,Frutas,Banana,8,0.81,6.48
T00817,2023-08-02,C0073,Carnes,Carne Res,4,10.15,40.6
T00818,2023-12-19,C0118,Carnes,Cerdo,4,9.95,39.8
T00819,2023-01-04,C0036,Snacks,Chocolate,3,1.74,5.22
T00820,2023-09-21,C0126,Aseo,Papel Higiénico,3,7.86,23.58
T00821,2023-10-25,C0173,Snacks,Chocolate,3,0.83,2.49
T00822,2023-12-14,C0188,Lácteos,Yogurt,9,1.13,10.17
T00823,2023-11-04,C0065,Snacks,Galletas,7,2.1,14.7
T00824,2023-06-21,C0157,Carnes,Carne Res,10,11.89,118.9
T00825,2023-05-10,C0009,Snacks,Papas Fritas,7,0.55,3.85
T00826,2023-03-19,C0097,Aseo,Jabón,6,7.84,47.04
T00827,2023-02-23,C0168,Snacks,Galletas,3,2.13,6.39
T00828,2023-10-05,C0179,Bebidas,Jugo Naranja,9,2.0,18.0
T00829,2023-09-17,C0054,Aseo,Papel Higiénico,9,4.24,38.16
T00830,2023-01-30,C0141,Frutas,Manzana,1,0.97,0.97
T00831,2023-07-14,C0012,Aseo,Shampoo,3,5.32,15.96
T00832,2023-07-04,C0015,Bebidas,Agua,2,2.73,5.46
T00833,2023-03-28,C0116,Lácteos,Leche,8,4.01,32.08
T00834,2023-07-10,C0172,Snacks,Maní,5,0.73,3.65
T00835,2023-02-19,C0083,Snacks,Papas Fritas,9,2.25,20.25
T00836,2023-06-04,C0115,Frutas,Banana,10,2.09,20.9
T00837,2023-07-07,C0149,Aseo,Papel Higiénico,6,4.08,24.48
T00838,2023-10-13,C0070,Aseo,Papel Higiénico,10,6.03,60.3
T00839,2023-11-22,C0083,Bebidas,Coca-Cola,2,1.24,2.48
T00840,2023-10-02,C0173,Lácteos,Leche,7,2.32,16.24
T00841,2023-11-02,C0040,Carnes,Pollo,8,9.89,79.12
T00842,2023-08-26,C0082,Lácteos,Yogurt,5,4.32,21.6
T00843,2023-07-13,C0140,Carnes,Cerdo,10,5.65,56.5
T00844,2023-05-28,C0168,Snacks,Papas Fritas,5,0.65,3.25
T00845,2023-04-22,C0081,Carnes,Carne Res,7,10.69,74.83
T00846,2023-05-31,C0039,Bebidas,Cerveza,10,2.61,26.1
T00847,2023-02-26,C0155,Carnes,Carne Res,1,8.87,8.87
T00848,2023-08-14,C0111,Carnes,Pescado,7,11.32,79.24
T00849,2023-07-07,C0124,Carnes,Cerdo,7,10.27,71.89
T00850,2023-03-17,C0018,Snacks,Chocolate,10,1.57,15.7
T00851,2023-06-01,C0064,Frutas,Banana,3,2.37,7.11
T00852,2023-11-10,C0090,Bebidas,Jugo Naranja,10,2.82,28.2
T00853,2023-10-26,C0139,Snacks,Papas Fritas,4,2.11,8.44
T00854,2023-08-01,C0098,Bebidas,Jugo Naranja,6,1.06,6.36
T00855,2023-03-22,C0105,Carnes,Carne Res,1,5.21,5.21
T00856,2023-11-30,C0190,Aseo,Papel Higiénico,7,5.81,40.67
T00857,2023-05-06,C0166,Panadería,Croissant,1,3.65,3.65
T00858,2023-06-28,C0136,Carnes,Cerdo,8,6.52,52.16
T00859,2023-07-29,C0029,Carnes,Pescado,10,6.7,67.0
T00860,2023-10-01,C0030,Carnes,Pollo,3,10.81,32.43
T00861,2023-11-19,C0192,Panadería,Pan Blanco,9,2.36,21.24
T00862,2023-02-17,C0094,Lácteos,Leche,5,1.95,9.75
T00863,2023-08-12,C0110,Lácteos,Leche,6,1.8,10.8
T00864,2023-02-27,C0096,Carnes,Carne Res,5,14.46,72.3
T00865,2023-01-10,C0068,Lácteos,Yogurt,10,3.65,36.5
T00866,2023-12-12,C0097,Snacks,Chocolate,9,0.6,5.4
T00867,2023-12-06,C0031,Lácteos,Queso,8,1.55,12.4
T00868,2023-04-06,C0114,Bebidas,Agua,6,2.15,12.9
T00869,2023-05-14,C0001,Lácteos,Leche,2,1.78,3.56
T00870,2023-02-22,C0191,Aseo,Shampoo,6,3.04,18.24
T00871,2023-09-17,C0087,Panadería,Donas,7,3.06,21.42
T00872,2023-03-22,C0063,Lácteos,Leche,1,1.26,1.26
T00873,2023-11-18,C0138,Panadería,Pan Blanco,3,2.12,6.36
T00874,2023-06-21,C0017,Bebidas,Coca-Cola,3,1.15,3.45
T00875,2023-12-01,C0154,Snacks,Maní,4,2.25,9.0
T00876,2023-09-10,C0013,Snacks,Maní,2,1.29,2.58
T00877,2023-05-19,C0006,Bebidas,Coca-Cola,2,1.81,3.62
T00878,2023-04-02,C0024,Panadería,Donas,3,3.47,10.41
T00879,2023-10-11,C0011,Panadería,Croissant,4,1.76,7.04
T00880,2023-10-19,C0127,Lácteos,Yogurt,9,1.74,15.66
T00881,2023-08-07,C0179,Carnes,Cerdo,7,13.64,95.48
T00882,2023-07-22,C0011,Panadería,Croissant,9,3.82,34.38
T00883,2023-11-10,C0124,Frutas,Banana,4,2.21,8.84
T00884,2023-04-04,C0058,Panadería,Pan Integral,3,1.03,3.09
T00885,2023-06-04,C0169,Aseo,Shampoo,3,4.0,12.0
T00886,2023-03-17,C0041,Bebidas,Agua,10,2.66,26.6
T00887,2023-04-25,C0088,Aseo,Jabón,7,3.07,21.49
T00888,2023-04-01,C0091,Carnes,Cerdo,6,12.01,72.06
T00889,2023-07-31,C0052,Snacks,Papas Fritas,10,2.21,22.1
T00890,2023-12-01,C0182,Frutas,Uva,9,2.45,22.05
T00891,2023-05-27,C0144,Bebidas,Coca-Cola,7,2.07,14.49
T00892,2023-02-16,C0098,Lácteos,Yogurt,1,1.39,1.39
T00893,2023-04-29,C0009,Bebidas,Agua,8,1.86,14.88
T00894,2023-04-24,C0097,Panadería,Croissant,6,1.29,7.74
T00895,2023-05-22,C0037,Frutas,Banana,6,0.99,5.94
T00896,2023-10-07,C0194,Panadería,Croissant,8,1.07,8.56
T00897,2023-04-25,C0127,Lácteos,Queso,6,1.68,10.08
T00898,2023-06-06,C0022,Carnes,Pollo,7,11.16,78.12
T00899,2023-10-27,C0051,Aseo,Shampoo,8,6.63,53.04
T00900,2023-06-18,C0185,Snacks,Chocolate,4,2.32,9.28
T00901,2023-06-03,C0015,Bebidas,Jugo Naranja,5,1.39,6.95
T00902,2023-10-16,C0107,Carnes,Pollo,10,5.52,55.2
T00903,2023-07-24,C0077,Lácteos,Leche,1,2.56,2.56
T00904,2023-12-11,C0106,Panadería,Donas,7,2.91,20.37
T00905,2023-04-08,C0159,Frutas,Manzana,7,1.81,12.67
T00906,2023-12-25,C0102,Snacks,Galletas,5,1.72,8.6
T00907,2023-10-17,C0036,Bebidas,Cerveza,10,2.8,28.0
T00908,2023-12-18,C0196,Bebidas,Agua,8,1.3,10.4
T00909,2023-02-25,C0179,Snacks,Papas Fritas,7,1.04,7.28
T00910,2023-02-07,C0018,Snacks,Galletas,7,2.46,17.22
T00911,2023-05-10,C0069,Lácteos,Queso,3,4.29,12.87
T00912,2023-06-10,C0172,Frutas,Banana,1,1.7,1.7
T00913,2023-08-26,C0125,Lácteos,Yogurt,9,3.61,32.49
T00914,2023-09-06,C0014,Aseo,Papel Higiénico,7,7.07,49.49
T00915,2023-01-22,C0169,Panadería,Pan Integral,5,1.48,7.4
T00916,2023-09-03,C0035,Carnes,Carne Res,9,14.8,133.2
T00917,2023-02-08,C0069,Lácteos,Leche,6,2.01,12.06
T00918,2023-06-17,C0098,Lácteos,Leche,9,3.35,30.15
T00919,2023-04-13,C0154,Frutas,Manzana,9,1.77,15.93
T00920,2023-04-04,C0197,Aseo,Detergente,3,3.35,10.05
T00921,2023-11-14,C0145,Aseo,Shampoo,3,3.75,11.25
T00922,2023-05-23,C0086,Bebidas,Agua,1,2.23,2.23
T00923,2023-06-10,C0197,Carnes,Cerdo,10,6.37,63.7
T00924,2023-01-29,C0180,Snacks,Maní,2,0.82,1.64
T00925,2023-11-29,C0176,Snacks,Galletas,10,0.77,7.7
T00926,2023-01-24,C0148,Frutas,Naranja,6,1.84,11.04
T00927,2023-06-07,C0191,Snacks,Maní,9,1.94,17.46
T00928,2023-10-29,C0092,Frutas,Uva,10,0.94,9.4
T00929,2023-09-15,C0195,Aseo,Papel Higiénico,6,2.19,13.14
T00930,2023-12-04,C0146,Bebidas,Agua,1,2.65,2.65
T00931,2023-03-14,C0157,Bebidas,Cerveza,7,1.71,11.97
T00932,2023-04-14,C0118,Snacks,Papas Fritas,10,1.59,15.9
T00933,2023-10-27,C0092,Lácteos,Mantequilla,3,3.19,9.57
T00934,2023-11-04,C0184,Frutas,Banana,8,2.94,23.52
T00935,2023-04-13,C0154,Aseo,Detergente,1,2.57,2.57
T00936,2023-05-09,C0031,Aseo,Shampoo,2,5.25,10.5
T00937,2023-08-01,C0061,Snacks,Maní,7,1.04,7.28
T00938,2023-04-26,C0054,Snacks,Papas Fritas,8,0.96,7.68
T00939,2023-11-06,C0081,Bebidas,Cerveza,10,2.23,22.3
T00940,2023-11-20,C0164,Snacks,Maní,3,0.53,1.59
T00941,2023-07-16,C0134,Aseo,Detergente,5,4.85,24.25
T00942,2023-04-17,C0195,Lácteos,Mantequilla,8,2.33,18.64
T00943,2023-12-04,C0169,Carnes,Cerdo,7,10.75,75.25
T00944,2023-08-17,C0086,Bebidas,Cerveza,4,1.27,5.08
T00945,2023-12-09,C0106,Aseo,Shampoo,2,5.11,10.22
T00946,2023-10-13,C0156,Aseo,Jabón,5,5.15,25.75
T00947,2023-03-31,C0053,Snacks,Galletas,4,1.67,6.68
T00948,2023-06-01,C0011,Bebidas,Jugo Naranja,7,1.84,12.88
T00949,2023-10-14,C0130,Bebidas,Coca-Cola,7,2.17,15.19
T00950,2023-12-05,C0155,Bebidas,Cerveza,10,2.13,21.3
T00951,2023-04-01,C0027,Carnes,Pescado,5,6.93,34.65
T00952,2023-09-02,C0150,Aseo,Detergente,9,7.59,68.31
T00953,2023-06-12,C0026,Panadería,Pan Blanco,9,1.38,12.42
T00954,2023-12-17,C0076,Lácteos,Yogurt,9,2.21,19.89
T00955,2023-01-29,C0077,Snacks,Galletas,10,0.78,7.8
T00956,2023-11-10,C0065,Bebidas,Cerveza,8,2.83,22.64
T00957,2023-08-06,C0190,Aseo,Shampoo,8,4.12,32.96
T00958,2023-08-20,C0023,Frutas,Banana,9,2.36,21.24
T00959,2023-01-03,C0005,Bebidas,Agua,4,2.98,11.92
T00960,2023-06-22,C0132,Lácteos,Queso,8,3.42,27.36
T00961,2023-04-01,C0111,Carnes,Pollo,9,7.58,68.22
T00962,2023-03-17,C0011,Lácteos,Queso,1,1.61,1.61
T00963,2023-03-22,C0130,Snacks,Galletas,8,0.55,4.4
T00964,2023-09-29,C0153,Carnes,Cerdo,1,9.34,9.34
T00965,2023-10-01,C0015,Carnes,Cerdo,5,9.82,49.1
T00966,2023-05-26,C0082,Snacks,Papas Fritas,9,2.12,19.08
T00967,2023-10-18,C0096,Carnes,Cerdo,4,12.76,51.04
T00968,2023-01-27,C0100,Lácteos,Queso,7,3.85,26.95
T00969,2023-09-06,C0198,Carnes,Cerdo,9,9.61,86.49
T00970,2023-01-17,C0158,Panadería,Donas,6,3.9,23.4
T00971,2023-10-04,C0127,Aseo,Jabón,3,7.45,22.35
T00972,2023-02-23,C0013,Snacks,Galletas,2,1.27,2.54
T00973,2023-08-14,C0048,Frutas,Uva,9,1.4,12.6
T00974,2023-02-02,C0171,Frutas,Uva,6,1.96,11.76
T00975,2023-12-11,C0178,Panadería,Croissant,10,2.02,20.2
T00976,2023-10-21,C0104,Panadería,Pan Blanco,10,1.29,12.9
T00977,2023-10-16,C0147,Aseo,Jabón,7,6.02,42.14
T00978,2023-04-29,C0085,Frutas,Manzana,10,2.44,24.4
T00979,2023-08-04,C0156,Frutas,Uva,10,1.51,15.1
T00980,2023-08-10,C0149,Bebidas,Jugo Naranja,6,1.19,7.14
T00981,2023-01-29,C0038,Bebidas,Cerveza,1,1.32,1.32
T00982,2023-04-17,C0082,Bebidas,Cerveza,4,2.78,11.12
T00983,2023-02-19,C0057,Bebidas,Jugo Naranja,1,2.06,2.06
T00984,2023-12-12,C0181,Lácteos,Mantequilla,10,4.36,43.6
T00985,2023-09-09,C0030,Carnes,Carne Res,6,9.58,57.48
T00986,2023-01-15,C0072,Aseo,Shampoo,10,6.1,61.0
T00987,2023-09-14,C0104,Frutas,Manzana,7,2.09,14.63
T00988,2023-05-19,C0028,Carnes,Pescado,4,11.75,47.0
T00989,2023-10-14,C0122,Panadería,Donas,8,2.46,19.68
T00990,2023-07-09,C0112,Snacks,Galletas,5,1.23,6.15
T00991,2023-02-24,C0046,Frutas,Manzana,9,2.85,25.65
T00992,2023-02-14,C0023,Bebidas,Jugo Naranja,8,1.02,8.16
T00993,2023-05-15,C0122,Bebidas,Coca-Cola,5,1.61,8.05
T00994,2023-02-02,C0136,Bebidas,Coca-Cola,7,1.28,8.96
T00995,2023-08-21,C0130,Lácteos,Mantequilla,1,2.18,2.18
T00996,2023-03-25,C0179,Bebidas,Coca-Cola,1,1.59,1.59
T00997,2023-08-10,C0193,Aseo,Detergente,9,5.88,52.92
T00998,2023-12-03,C0122,Lácteos,Mantequilla,3,3.0,9.0
T00999,2023-12-17,C0154,Bebidas,Cerveza,4,1.31,5.24
T01000,2023-02-14,C0027,Lácteos,Queso,5,2.89,14.45
T01001,2023-08-28,C0115,Lácteos,Yogurt,3,3.85,11.55
T01002,2023-11-24,C0008,Snacks,Galletas,9,1.1,9.9
T01003,2023-11-21,C0173,Snacks,Chocolate,6,1.34,8.04
T01004,2023-07-29,C0032,Panadería,Pan Integral,10,1.06,10.6
T01005,2023-11-05,C0042,Snacks,Chocolate,9,1.28,11.52
T01006,2023-07-14,C0138,Lácteos,Yogurt,2,3.11,6.22
T01007,2023-11-19,C0175,Carnes,Pescado,10,9.37,93.7
T01008,2023-10-24,C0154,Frutas,Manzana,3,0.87,2.61
T01009,2023-09-28,C0013,Panadería,Croissant,2,1.94,3.88
T01010,2023-08-01,C0171,Bebidas,Cerveza,4,2.3,9.2
T01011,2023-06-05,C0155,Lácteos,Queso,10,3.17,31.7
T01012,2023-12-16,C0101,Frutas,Banana,5,2.53,12.65
T01013,2023-12-10,C0105,Aseo,Jabón,6,7.09,42.54
T01014,2023-11-03,C0158,Aseo,Detergente,3,3.39,10.17
T01015,2023-05-26,C0099,Panadería,Pan Integral,5,3.23,16.15
T01016,2023-07-11,C0130,Lácteos,Mantequilla,7,3.21,22.47
T01017,2023-05-05,C0144,Bebidas,Coca-Cola,1,2.53,2.53
T01018,2023-01-02,C0046,Snacks,Papas Fritas,5,2.15,10.75
T01019,2023-10-23,C0051,Snacks,Galletas,6,1.15,6.9
T01020,2023-06-07,C0106,Frutas,Banana,2,2.88,5.76
T01021,2023-04-27,C0052,Panadería,Pan Blanco,5,3.31,16.55
T01022,2023-10-17,C0015,Panadería,Croissant,4,1.76,7.04
T01023,2023-03-25,C0161,Panadería,Pan Integral,7,1.13,7.91
T01024,2023-05-24,C0041,Frutas,Manzana,6,2.96,17.76
T01025,2023-12-30,C0059,Panadería,Pan Integral,4,3.01,12.04
T01026,2023-08-02,C0046,Bebidas,Cerveza,9,1.17,10.53
T01027,2023-10-21,C0200,Aseo,Detergente,2,2.84,5.68
T01028,2023-09-07,C0174,Frutas,Banana,10,1.68,16.8
T01029,2023-10-05,C0069,Carnes,Carne Res,3,13.48,40.44
T01030,2023-11-18,C0164,Aseo,Papel Higiénico,10,5.57,55.7
T01031,2023-09-29,C0040,Carnes,Pollo,8,11.1,88.8
T01032,2023-11-08,C0177,Snacks,Chocolate,1,2.42,2.42
T01033,2023-11-24,C0028,Lácteos,Queso,6,2.08,12.48
T01034,2023-02-28,C0002,Panadería,Donas,6,2.47,14.82
T01035,2023-08-08,C0185,Panadería,Croissant,10,3.97,39.7
T01036,2023-11-29,C0032,Carnes,Cerdo,7,12.36,86.52
T01037,2023-03-02,C0087,Bebidas,Agua,4,2.01,8.04
T01038,2023-05-18,C0052,Aseo,Shampoo,1,2.91,2.91
T01039,2023-04-22,C0197,Carnes,Cerdo,7,5.47,38.29
T01040,2023-05-18,C0074,Carnes,Pescado,9,11.22,100.98
T01041,2023-04-16,C0184,Carnes,Cerdo,6,10.06,60.36
T01042,2023-06-01,C0101,Carnes,Cerdo,7,7.34,51.38
T01043,2023-06-24,C0015,Lácteos,Yogurt,1,2.88,2.88
T01044,2023-10-31,C0074,Aseo,Detergente,6,6.12,36.72
T01045,2023-02-10,C0101,Carnes,Pollo,9,7.45,67.05
T01046,2023-01-10,C0188,Frutas,Manzana,1,0.54,0.54
T01047,2023-04-01,C0053,Bebidas,Cerveza,5,1.31,6.55
T01048,2023-11-22,C0161,Frutas,Banana,4,2.79,11.16
T01049,2023-11-28,C0006,Carnes,Carne Res,10,10.07,100.7
T01050,2023-04-20,C0159,Snacks,Papas Fritas,2,0.6,1.2
T01051,2023-03-04,C0200,Bebidas,Jugo Naranja,7,1.22,8.54
T01052,2023-07-04,C0087,Snacks,Chocolate,7,1.11,7.77
T01053,2023-11-17,C0182,Aseo,Detergente,7,4.51,31.57
T01054,2023-01-30,C0017,Bebidas,Jugo Naranja,3,1.97,5.91
T01055,2023-07-28,C0102,Lácteos,Queso,6,1.38,8.28
T01056,2023-12-13,C0163,Frutas,Naranja,3,1.25,3.75
T01057,2023-02-28,C0043,Bebidas,Cerveza,10,1.22,12.2
T01058,2023-06-25,C0032,Lácteos,Leche,3,2.14,6.42
T01059,2023-03-03,C0191,Frutas,Manzana,6,2.95,17.7
T01060,2023-07-04,C0093,Panadería,Pan Blanco,9,4.0,36.0
T01061,2023-05-18,C0076,Aseo,Papel Higiénico,5,6.44,32.2
T01062,2023-10-16,C0097,Frutas,Manzana,10,1.18,11.8
T01063,2023-05-22,C0117,Snacks,Maní,2,2.17,4.34
T01064,2023-12-21,C0082,Lácteos,Leche,7,3.04,21.28
T01065,2023-07-21,C0017,Lácteos,Queso,10,4.14,41.4
T01066,2023-09-24,C0143,Aseo,Jabón,7,4.79,33.53
T01067,2023-08-20,C0133,Aseo,Detergente,10,5.23,52.3
T01068,2023-09-21,C0047,Aseo,Papel Higiénico,7,6.17,43.19
T01069,2023-01-07,C0178,Carnes,Cerdo,9,10.77,96.93
T01070,2023-07-23,C0131,Aseo,Papel Higiénico,10,2.79,27.9
T01071,2023-10-17,C0039,Carnes,Pescado,3,7.77,23.31
T01072,2023-09-03,C0071,Frutas,Banana,9,1.47,13.23
T01073,2023-09-25,C0001,Aseo,Shampoo,10,6.89,68.9
T01074,2023-09-15,C0075,Lácteos,Queso,1,4.5,4.5
T01075,2023-12-27,C0124,Carnes,Cerdo,6,13.15,78.9
T01076,2023-09-08,C0141,Bebidas,Coca-Cola,7,1.82,12.74
T01077,2023-12-13,C0025,Panadería,Donas,2,2.72,5.44
T01078,2023-02-02,C0066,Carnes,Pollo,2,6.99,13.98
T01079,2023-07-03,C0070,Carnes,Carne Res,1,14.15,14.15
T01080,2023-02-22,C0143,Bebidas,Cerveza,8,1.96,15.68
T01081,2023-11-18,C0171,Frutas,Manzana,10,0.66,6.6
T01082,2023-09-06,C0028,Panadería,Donas,7,2.92,20.44
T01083,2023-01-14,C0046,Aseo,Jabón,10,5.13,51.3
T01084,2023-05-21,C0003,Aseo,Shampoo,9,5.39,48.51
T01085,2023-11-19,C0078,Frutas,Manzana,5,1.78,8.9
T01086,2023-06-08,C0001,Bebidas,Coca-Cola,4,2.08,8.32
T01087,2023-05-24,C0062,Frutas,Manzana,9,0.75,6.75
T01088,2023-12-09,C0178,Carnes,Pescado,7,12.08,84.56
T01089,2023-11-29,C0126,Aseo,Detergente,7,4.59,32.13
T01090,2023-08-02,C0097,Frutas,Banana,9,1.59,14.31
T01091,2023-11-16,C0086,Aseo,Detergente,1,5.13,5.13
T01092,2023-03-26,C0140,Snacks,Papas Fritas,2,1.66,3.32
T01093,2023-07-29,C0060,Bebidas,Cerveza,8,2.06,16.48
T01094,2023-10-21,C0186,Panadería,Donas,6,3.78,22.68
T01095,2023-11-26,C0166,Frutas,Banana,6,1.39,8.34
T01096,2023-11-21,C0104,Panadería,Donas,3,3.86,11.58
T01097,2023-08-06,C0044,Carnes,Pescado,1,13.25,13.25
T01098,2023-08-14,C0089,Snacks,Maní,10,1.49,14.9
T01099,2023-01-16,C0003,Snacks,Chocolate,1,1.18,1.18
T01100,2023-03-11,C0168,Lácteos,Leche,7,3.68,25.76
T01101,2023-12-02,C0096,Bebidas,Coca-Cola,8,1.41,11.28
T01102,2023-02-22,C0055,Aseo,Shampoo,3,3.62,10.86
T01103,2023-10-03,C0110,Carnes,Cerdo,7,11.48,80.36
T01104,2023-12-02,C0119,Carnes,Pollo,9,10.74,96.66
T01105,2023-11-12,C0055,Frutas,Naranja,5,1.82,9.1
T01106,2023-09-04,C0135,Lácteos,Queso,9,2.43,21.87
T01107,2023-04-03,C0094,Panadería,Croissant,6,3.29,19.74
T01108,2023-10-24,C0033,Carnes,Carne Res,9,9.45,85.05
T01109,2023-02-17,C0043,Panadería,Pan Blanco,10,3.46,34.6
T01110,2023-03-27,C0082,Aseo,Shampoo,5,5.26,26.3
T01111,2023-07-13,C0114,Panadería,Pan Blanco,8,2.17,17.36
T01112,2023-11-05,C0136,Aseo,Papel Higiénico,2,5.91,11.82
T01113,2023-08-05,C0193,Frutas,Naranja,2,2.57,5.14
T01114,2023-10-12,C0158,Lácteos,Yogurt,1,4.32,4.32
T01115,2023-05-31,C0073,Carnes,Carne Res,5,6.45,32.25
T01116,2023-06-13,C0183,Bebidas,Cerveza,8,2.24,17.92
T01117,2023-11-30,C0158,Lácteos,Leche,5,3.06,15.3
T01118,2023-06-14,C0083,Carnes,Carne Res,7,8.89,62.23
T01119,2023-10-26,C0010,Frutas,Banana,8,1.49,11.92
T01120,2023-03-17,C0137,Carnes,Carne Res,8,12.98,103.84
T01121,2023-08-25,C0114,Frutas,Naranja,4,1.14,4.56
T01122,2023-12-08,C0130,Snacks,Chocolate,3,2.45,7.35
T01123,2023-04-17,C0170,Frutas,Manzana,10,0.77,7.7
T01124,2023-11-05,C0068,Carnes,Pescado,3,5.93,17.79
T01125,2023-07-31,C0100,Bebidas,Coca-Cola,7,2.09,14.63
T01126,2023-03-05,C0188,Bebidas,Jugo Naranja,9,1.22,10.98
T01127,2023-06-08,C0121,Frutas,Naranja,7,1.88,13.16
T01128,2023-07-30,C0195,Frutas,Uva,8,1.27,10.16
T01129,2023-03-29,C0016,Aseo,Jabón,4,5.62,22.48
T01130,2023-08-14,C0085,Bebidas,Jugo Naranja,5,1.88,9.4
T01131,2023-11-03,C0048,Frutas,Manzana,9,2.65,23.85
T01132,2023-02-05,C0080,Lácteos,Leche,4,4.18,16.72
T01133,2023-11-17,C0023,Carnes,Pescado,6,10.6,63.6
T01134,2023-04-25,C0148,Aseo,Detergente,9,7.4,66.6
T01135,2023-04-22,C0069,Panadería,Pan Integral,7,3.7,25.9
T01136,2023-09-23,C0157,Aseo,Jabón,3,6.14,18.42
T01137,2023-03-21,C0098,Bebidas,Coca-Cola,7,2.04,14.28
T01138,2023-11-22,C0032,Aseo,Jabón,2,2.18,4.36
T01139,2023-06-30,C0019,Bebidas,Jugo Naranja,8,1.74,13.92
T01140,2023-10-10,C0154,Lácteos,Queso,9,2.58,23.22
T01141,2023-10-17,C0060,Frutas,Uva,4,2.08,8.32
T01142,2023-01-21,C0178,Panadería,Pan Integral,6,2.9,17.4
T01143,2023-06-12,C0043,Frutas,Naranja,1,2.52,2.52
T01144,2023-09-22,C0135,Snacks,Galletas,6,0.62,3.72
T01145,2023-06-06,C0072,Lácteos,Queso,6,4.01,24.06
T01146,2023-10-02,C0111,Carnes,Pollo,2,13.06,26.12
T01147,2023-11-08,C0147,Panadería,Pan Integral,10,2.25,22.5
T01148,2023-02-18,C0190,Lácteos,Mantequilla,9,1.07,9.63
T01149,2023-06-30,C0090,Frutas,Banana,7,1.06,7.42
T01150,2023-11-17,C0031,Frutas,Manzana,10,0.68,6.8
T01151,2023-04-07,C0066,Bebidas,Jugo Naranja,7,2.87,20.09
T01152,2023-12-01,C0148,Snacks,Maní,4,1.47,5.88
T01153,2023-09-11,C0112,Frutas,Manzana,7,0.55,3.85
T01154,2023-06-02,C0128,Aseo,Shampoo,6,5.49,32.94
T01155,2023-07-23,C0198,Carnes,Pescado,6,7.72,46.32
T01156,2023-02-12,C0177,Snacks,Maní,9,2.32,20.88
T01157,2023-02-12,C0044,Carnes,Carne Res,9,10.31,92.79
T01158,2023-08-12,C0009,Bebidas,Jugo Naranja,2,1.77,3.54
T01159,2023-04-10,C0137,Aseo,Jabón,3,4.48,13.44
T01160,2023-05-29,C0056,Carnes,Cerdo,10,7.0,70.0
T01161,2023-04-13,C0050,Lácteos,Mantequilla,4,4.27,17.08
T01162,2023-08-27,C0076,Aseo,Jabón,2,6.27,12.54
T01163,2023-04-01,C0193,Bebidas,Coca-Cola,9,1.95,17.55
T01164,2023-06-20,C0160,Frutas,Naranja,3,0.9,2.7
T01165,2023-04-10,C0096,Aseo,Shampoo,8,4.37,34.96
T01166,2023-01-07,C0036,Carnes,Carne Res,7,7.95,55.65
T01167,2023-10-10,C0168,Aseo,Jabón,10,6.93,69.3
T01168,2023-12-31,C0148,Frutas,Banana,9,1.59,14.31
T01169,2023-04-08,C0056,Carnes,Pollo,10,5.24,52.4
T01170,2023-09-06,C0173,Snacks,Chocolate,7,2.05,14.35
T01171,2023-01-10,C0022,Frutas,Manzana,1,2.6,2.6
T01172,2023-11-21,C0166,Bebidas,Cerveza,4,2.01,8.04
T01173,2023-06-16,C0050,Aseo,Shampoo,9,6.6,59.4
T01174,2023-01-31,C0030,Frutas,Naranja,8,1.41,11.28
T01175,2023-08-24,C0165,Carnes,Pollo,4,10.28,41.12
T01176,2023-03-02,C0146,Lácteos,Leche,8,2.67,21.36
T01177,2023-05-21,C0103,Bebidas,Jugo Naranja,7,2.42,16.94
T01178,2023-09-15,C0085,Bebidas,Coca-Cola,6,2.85,17.1
T01179,2023-05-25,C0161,Carnes,Pollo,8,11.25,90.0
T01180,2023-05-08,C0177,Frutas,Naranja,3,1.77,5.31
T01181,2023-06-25,C0053,Frutas,Manzana,3,0.76,2.28
T01182,2023-02-05,C0196,Aseo,Detergente,4,5.43,21.72
T01183,2023-01-13,C0012,Lácteos,Leche,2,4.74,9.48
T01184,2023-07-07,C0055,Frutas,Naranja,3,0.6,1.8
T01185,2023-08-15,C0008,Bebidas,Jugo Naranja,1,2.38,2.38
T01186,2023-04-14,C0110,Carnes,Pollo,8,6.43,51.44
T01187,2023-09-14,C0070,Snacks,Galletas,9,0.9,8.1
T01188,2023-10-17,C0178,Panadería,Pan Integral,8,1.02,8.16
T01189,2023-06-03,C0118,Snacks,Chocolate,5,1.8,9.0
T01190,2023-09-08,C0139,Panadería,Pan Integral,9,2.84,25.56
T01191,2023-08-22,C0151,Aseo,Shampoo,6,7.78,46.68
T01192,2023-09-30,C0058,Carnes,Pescado,9,5.64,50.76
T01193,2023-05-07,C0061,Snacks,Papas Fritas,1,1.54,1.54
T01194,2023-06-13,C0142,Frutas,Banana,10,1.3,13.0
T01195,2023-04-14,C0057,Aseo,Shampoo,10,3.69,36.9
T01196,2023-07-15,C0184,Snacks,Galletas,3,2.46,7.38
T01197,2023-04-23,C0099,Frutas,Naranja,4,2.39,9.56
T01198,2023-01-07,C0048,Snacks,Chocolate,3,1.86,5.58
T01199,2023-01-01,C0117,Frutas,Naranja,5,0.95,4.75
T01200,2023-01-15,C0185,Panadería,Pan Blanco,1,2.64,2.64
T01201,2023-12-02,C0050,Bebidas,Cerveza,8,1.4,11.2
T01202,2023-08-05,C0030,Aseo,Jabón,4,7.8,31.2
T01203,2023-06-06,C0116,Panadería,Pan Integral,5,3.45,17.25
T01204,2023-12-07,C0138,Snacks,Chocolate,10,2.18,21.8
T01205,2023-10-24,C0151,Aseo,Detergente,2,7.2,14.4
T01206,2023-10-29,C0178,Frutas,Manzana,3,2.23,6.69
T01207,2023-11-15,C0062,Frutas,Banana,8,2.43,19.44
T01208,2023-03-30,C0024,Carnes,Pescado,5,14.43,72.15
T01209,2023-08-13,C0108,Panadería,Pan Blanco,7,3.15,22.05
T01210,2023-03-21,C0012,Lácteos,Leche,2,1.77,3.54
T01211,2023-01-26,C0142,Panadería,Croissant,8,3.05,24.4
T01212,2023-06-14,C0107,Bebidas,Jugo Naranja,4,1.11,4.44
T01213,2023-02-02,C0048,Lácteos,Queso,2,4.73,9.46
T01214,2023-02-21,C0136,Frutas,Banana,1,1.71,1.71
T01215,2023-08-22,C0168,Panadería,Donas,6,1.95,11.7
T01216,2023-08-28,C0149,Bebidas,Jugo Naranja,4,1.29,5.16
T01217,2023-07-01,C0093,Panadería,Croissant,2,2.74,5.48
T01218,2023-04-01,C0167,Carnes,Carne Res,7,11.31,79.17
T01219,2023-02-19,C0100,Bebidas,Agua,6,2.48,14.88
T01220,2023-04-01,C0185,Aseo,Detergente,9,7.58,68.22
T01221,2023-01-18,C0152,Aseo,Papel Higiénico,10,5.15,51.5
T01222,2023-08-19,C0060,Bebidas,Cerveza,10,1.31,13.1
T01223,2023-11-09,C0198,Bebidas,Cerveza,10,2.51,25.1
T01224,2023-03-30,C0158,Aseo,Papel Higiénico,5,6.04,30.2
T01225,2023-01-08,C0006,Panadería,Pan Integral,8,2.13,17.04
T01226,2023-01-18,C0074,Aseo,Papel Higiénico,7,4.85,33.95
T01227,2023-09-23,C0082,Snacks,Maní,10,2.28,22.8
T01228,2023-03-09,C0036,Aseo,Shampoo,7,5.73,40.11
T01229,2023-08-06,C0019,Snacks,Papas Fritas,5,1.94,9.7
T01230,2023-10-06,C0168,Panadería,Pan Integral,3,3.16,9.48
T01231,2023-01-24,C0002,Aseo,Shampoo,4,4.66,18.64
T01232,2023-01-06,C0033,Bebidas,Jugo Naranja,9,1.11,9.99
T01233,2023-06-27,C0188,Lácteos,Yogurt,8,1.36,10.88
T01234,2023-01-03,C0041,Carnes,Carne Res,3,14.44,43.32
T01235,2023-07-21,C0198,Lácteos,Yogurt,10,1.48,14.8
T01236,2023-09-19,C0183,Panadería,Pan Integral,8,3.41,27.28
T01237,2023-04-02,C0152,Bebidas,Coca-Cola,6,1.15,6.9
T01238,2023-04-22,C0113,Panadería,Pan Blanco,8,1.08,8.64
T01239,2023-03-26,C0001,Panadería,Pan Integral,3,3.61,10.83
T01240,2023-05-08,C0081,Frutas,Banana,4,0.86,3.44
T01241,2023-05-20,C0011,Lácteos,Mantequilla,6,4.96,29.76
T01242,2023-02-02,C0057,Aseo,Jabón,6,4.21,25.26
T01243,2023-02-01,C0031,Lácteos,Queso,7,3.44,24.08
T01244,2023-06-09,C0103,Frutas,Naranja,2,1.75,3.5
T01245,2023-01-10,C0188,Lácteos,Leche,1,1.26,1.26
T01246,2023-12-16,C0151,Panadería,Pan Integral,3,1.85,5.55
T01247,2023-03-13,C0053,Lácteos,Mantequilla,7,3.92,27.44
T01248,2023-10-06,C0090,Aseo,Papel Higiénico,10,2.57,25.7
T01249,2023-12-09,C0097,Aseo,Detergente,3,3.93,11.79
T01250,2023-07-12,C0163,Lácteos,Mantequilla,8,1.21,9.68
T01251,2023-07-08,C0073,Carnes,Pollo,6,11.18,67.08
T01252,2023-08-06,C0008,Panadería,Croissant,7,3.12,21.84
T01253,2023-01-12,C0192,Bebidas,Jugo Naranja,6,1.82,10.92
T01254,2023-12-31,C0187,Lácteos,Leche,4,4.82,19.28
T01255,2023-03-06,C0176,Frutas,Manzana,6,2.58,15.48
T01256,2023-06-16,C0032,Bebidas,Jugo Naranja,9,2.97,26.73
T01257,2023-12-25,C0067,Snacks,Chocolate,2,1.42,2.84
T01258,2023-10-06,C0160,Frutas,Naranja,1,0.58,0.58
T01259,2023-10-25,C0104,Frutas,Banana,9,2.21,19.89
T01260,2023-09-01,C0118,Aseo,Detergente,7,3.93,27.51
T01261,2023-08-22,C0179,Bebidas,Agua,2,2.8,5.6
T01262,2023-05-19,C0140,Aseo,Jabón,4,2.14,8.56
T01263,2023-04-02,C0058,Panadería,Croissant,5,2.13,10.65
T01264,2023-05-09,C0144,Frutas,Banana,10,0.59,5.9
T01265,2023-01-27,C0133,Bebidas,Coca-Cola,3,1.5,4.5
T01266,2023-07-08,C0115,Aseo,Shampoo,3,3.55,10.65
T01267,2023-09-08,C0134,Panadería,Croissant,2,2.71,5.42
T01268,2023-10-12,C0017,Carnes,Carne Res,1,14.88,14.88
T01269,2023-07-24,C0174,Carnes,Cerdo,4,13.63,54.52
T01270,2023-09-01,C0140,Aseo,Detergente,7,6.71,46.97
T01271,2023-06-01,C0125,Frutas,Naranja,4,0.74,2.96
T01272,2023-07-10,C0075,Snacks,Maní,4,1.8,7.2
T01273,2023-05-13,C0032,Bebidas,Jugo Naranja,8,2.78,22.24
T01274,2023-08-26,C0135,Carnes,Pollo,3,11.81,35.43
T01275,2023-01-16,C0049,Lácteos,Leche,1,2.7,2.7
T01276,2023-04-04,C0186,Panadería,Donas,3,3.71,11.13
T01277,2023-07-11,C0195,Carnes,Pollo,4,7.99,31.96
T01278,2023-11-18,C0172,Carnes,Pescado,4,5.08,20.32
T01279,2023-04-22,C0088,Panadería,Donas,1,1.47,1.47
T01280,2023-03-02,C0156,Snacks,Papas Fritas,8,1.65,13.2
T01281,2023-10-13,C0176,Carnes,Pollo,5,9.07,45.35
T01282,2023-01-19,C0137,Bebidas,Jugo Naranja,10,2.83,28.3
T01283,2023-05-28,C0146,Lácteos,Queso,6,3.8,22.8
T01284,2023-06-23,C0160,Aseo,Shampoo,8,6.6,52.8
T01285,2023-09-11,C0084,Bebidas,Coca-Cola,3,2.63,7.89
T01286,2023-08-30,C0119,Carnes,Carne Res,6,14.4,86.4
T01287,2023-12-18,C0083,Snacks,Papas Fritas,1,0.53,0.53
T01288,2023-09-02,C0003,Snacks,Galletas,5,2.06,10.3
T01289,2023-02-02,C0125,Panadería,Croissant,6,2.86,17.16
T01290,2023-03-18,C0024,Snacks,Chocolate,3,2.31,6.93
T01291,2023-06-16,C0101,Aseo,Detergente,6,2.26,13.56
T01292,2023-03-28,C0168,Carnes,Cerdo,9,14.14,127.26
T01293,2023-04-25,C0183,Bebidas,Cerveza,6,2.77,16.62
T01294,2023-10-28,C0048,Lácteos,Mantequilla,8,2.15,17.2
T01295,2023-12-04,C0062,Panadería,Pan Integral,9,3.29,29.61
T01296,2023-12-22,C0109,Snacks,Maní,1,0.87,0.87
T01297,2023-05-19,C0163,Panadería,Pan Integral,5,2.92,14.6
T01298,2023-04-10,C0058,Lácteos,Yogurt,6,1.4,8.4
T01299,2023-07-31,C0094,Panadería,Pan Integral,6,2.72,16.32
T01300,2023-03-10,C0023,Snacks,Galletas,6,0.86,5.16
T01301,2023-01-29,C0094,Carnes,Carne Res,8,9.01,72.08
T01302,2023-01-22,C0158,Frutas,Banana,8,2.61,20.88
T01303,2023-04-27,C0124,Lácteos,Leche,7,4.23,29.61
T01304,2023-12-28,C0074,Panadería,Pan Integral,7,3.38,23.66
T01305,2023-05-06,C0107,Snacks,Maní,8,2.0,16.0
T01306,2023-01-17,C0155,Carnes,Pescado,8,11.32,90.56
T01307,2023-02-11,C0050,Bebidas,Cerveza,5,1.89,9.45
T01308,2023-12-17,C0038,Lácteos,Yogurt,9,2.56,23.04
T01309,2023-02-28,C0004,Lácteos,Leche,5,4.76,23.8
T01310,2023-12-28,C0152,Lácteos,Leche,7,3.83,26.81
T01311,2023-10-18,C0102,Panadería,Donas,5,2.97,14.85
T01312,2023-08-23,C0116,Frutas,Banana,4,0.66,2.64
T01313,2023-11-28,C0126,Bebidas,Coca-Cola,6,2.94,17.64
T01314,2023-04-02,C0084,Bebidas,Cerveza,5,1.92,9.6
T01315,2023-01-23,C0183,Snacks,Papas Fritas,5,0.73,3.65
T01316,2023-09-12,C0106,Frutas,Naranja,5,0.89,4.45
T01317,2023-10-29,C0040,Bebidas,Coca-Cola,4,2.39,9.56
T01318,2023-12-10,C0177,Carnes,Pollo,10,7.88,78.8
T01319,2023-10-14,C0059,Frutas,Uva,9,2.14,19.26
T01320,2023-04-25,C0199,Bebidas,Jugo Naranja,9,1.9,17.1
T01321,2023-10-05,C0075,Carnes,Pollo,9,8.18,73.62
T01322,2023-06-22,C0057,Snacks,Papas Fritas,7,1.71,11.97
T01323,2023-06-04,C0094,Carnes,Carne Res,9,13.15,118.35
T01324,2023-05-11,C0026,Panadería,Donas,10,3.97,39.7
T01325,2023-07-05,C0110,Aseo,Papel Higiénico,4,5.31,21.24
T01326,2023-01-09,C0022,Snacks,Galletas,6,1.96,11.76
T01327,2023-08-25,C0006,Aseo,Shampoo,10,5.36,53.6
T01328,2023-07-11,C0130,Frutas,Manzana,3,1.11,3.33
T01329,2023-02-21,C0018,Aseo,Shampoo,5,4.42,22.1
T01330,2023-07-10,C0157,Aseo,Detergente,6,2.25,13.5
T01331,2023-02-14,C0030,Carnes,Pescado,7,14.77,103.39
T01332,2023-08-11,C0151,Bebidas,Agua,10,2.34,23.4
T01333,2023-09-15,C0187,Lácteos,Leche,2,2.4,4.8
T01334,2023-10-13,C0139,Carnes,Pescado,4,7.53,30.12
T01335,2023-07-17,C0090,Bebidas,Coca-Cola,1,2.43,2.43
T01336,2023-06-02,C0069,Frutas,Banana,7,2.33,16.31
T01337,2023-05-21,C0162,Snacks,Maní,1,1.3,1.3
T01338,2023-02-26,C0142,Lácteos,Queso,3,2.04,6.12
T01339,2023-06-13,C0065,Lácteos,Mantequilla,1,2.41,2.41
T01340,2023-12-12,C0074,Panadería,Croissant,6,2.63,15.78
T01341,2023-11-08,C0053,Carnes,Carne Res,5,11.01,55.05
T01342,2023-07-03,C0031,Aseo,Shampoo,6,5.96,35.76
T01343,2023-08-06,C0035,Frutas,Naranja,3,2.5,7.5
T01344,2023-11-18,C0191,Bebidas,Coca-Cola,4,2.65,10.6
T01345,2023-08-17,C0189,Carnes,Pescado,3,11.59,34.77
T01346,2023-10-20,C0184,Carnes,Cerdo,2,6.27,12.54
T01347,2023-06-19,C0067,Panadería,Pan Blanco,3,2.31,6.93
T01348,2023-06-30,C0131,Lácteos,Leche,3,3.05,9.15
T01349,2023-03-13,C0153,Bebidas,Jugo Naranja,10,2.7,27.0
T01350,2023-11-16,C0127,Carnes,Pollo,10,14.62,146.2
T01351,2023-11-06,C0190,Snacks,Chocolate,5,1.37,6.85
T01352,2023-09-21,C0184,Frutas,Naranja,6,2.57,15.42
T01353,2023-11-20,C0034,Bebidas,Coca-Cola,3,1.08,3.24
T01354,2023-04-26,C0182,Frutas,Manzana,9,2.64,23.76
T01355,2023-02-01,C0160,Frutas,Uva,5,2.22,11.1
T01356,2023-11-08,C0095,Snacks,Maní,10,0.74,7.4
T01357,2023-04-21,C0164,Lácteos,Leche,3,4.39,13.17
T01358,2023-03-04,C0085,Frutas,Naranja,3,1.72,5.16
T01359,2023-11-05,C0046,Frutas,Uva,8,1.13,9.04
T01360,2023-05-19,C0090,Snacks,Galletas,2,2.11,4.22
T01361,2023-12-26,C0041,Aseo,Papel Higiénico,7,4.48,31.36
T01362,2023-09-02,C0056,Carnes,Pescado,8,11.98,95.84
T01363,2023-07-04,C0180,Snacks,Galletas,4,0.97,3.88
T01364,2023-03-20,C0059,Bebidas,Cerveza,4,2.81,11.24
T01365,2023-02-02,C0070,Aseo,Papel Higiénico,9,4.57,41.13
T01366,2023-06-22,C0169,Snacks,Papas Fritas,10,1.1,11.0
T01367,2023-07-27,C0002,Aseo,Jabón,6,3.2,19.2
T01368,2023-11-18,C0140,Snacks,Maní,10,1.77,17.7
T01369,2023-06-09,C0129,Aseo,Jabón,10,5.05,50.5
T01370,2023-09-10,C0082,Frutas,Banana,1,0.82,0.82
T01371,2023-04-14,C0083,Carnes,Cerdo,5,5.42,27.1
T01372,2023-06-22,C0168,Bebidas,Jugo Naranja,2,1.22,2.44
T01373,2023-04-18,C0158,Lácteos,Queso,8,1.84,14.72
T01374,2023-05-01,C0013,Frutas,Naranja,7,1.8,12.6
T01375,2023-02-18,C0107,Bebidas,Cerveza,5,1.73,8.65
T01376,2023-06-09,C0164,Aseo,Jabón,10,4.07,40.7
T01377,2023-08-04,C0130,Bebidas,Agua,9,2.93,26.37
T01378,2023-03-03,C0149,Snacks,Papas Fritas,3,2.47,7.41
T01379,2023-04-23,C0115,Aseo,Papel Higiénico,7,7.47,52.29
T01380,2023-08-19,C0101,Frutas,Manzana,9,1.5,13.5
T01381,2023-12-11,C0141,Snacks,Galletas,9,2.09,18.81
T01382,2023-01-03,C0052,Panadería,Pan Integral,7,3.52,24.64
T01383,2023-02-04,C0081,Bebidas,Cerveza,3,1.99,5.97
T01384,2023-08-05,C0047,Carnes,Pollo,6,5.34,32.04
T01385,2023-07-04,C0066,Frutas,Banana,4,1.52,6.08
T01386,2023-04-23,C0102,Panadería,Pan Blanco,4,1.43,5.72
T01387,2023-06-28,C0067,Snacks,Galletas,1,0.86,0.86
T01388,2023-12-27,C0181,Aseo,Detergente,1,6.57,6.57
T01389,2023-08-17,C0069,Frutas,Manzana,9,0.75,6.75
T01390,2023-03-05,C0032,Snacks,Papas Fritas,10,1.16,11.6
T01391,2023-02-02,C0120,Aseo,Jabón,10,6.3,63.0
T01392,2023-03-21,C0139,Snacks,Chocolate,10,1.66,16.6
T01393,2023-09-26,C0131,Carnes,Cerdo,5,7.54,37.7
T01394,2023-07-18,C0085,Panadería,Pan Blanco,7,3.49,24.43
T01395,2023-02-09,C0095,Lácteos,Leche,1,2.09,2.09
T01396,2023-11-17,C0026,Carnes,Pollo,2,5.61,11.22
T01397,2023-10-30,C0180,Lácteos,Mantequilla,8,4.64,37.12
T01398,2023-10-03,C0024,Aseo,Papel Higiénico,2,2.83,5.66
T01399,2023-09-11,C0024,Aseo,Shampoo,4,3.66,14.64
T01400,2023-06-26,C0020,Bebidas,Jugo Naranja,7,1.7,11.9
T01401,2023-04-28,C0026,Aseo,Detergente,4,3.21,12.84
T01402,2023-11-30,C0041,Snacks,Maní,4,0.53,2.12
T01403,2023-08-20,C0030,Lácteos,Queso,9,2.71,24.39
T01404,2023-07-03,C0166,Snacks,Papas Fritas,7,1.48,10.36
T01405,2023-05-22,C0082,Aseo,Detergente,5,4.08,20.4
T01406,2023-02-12,C0129,Frutas,Manzana,7,2.95,20.65
T01407,2023-12-10,C0003,Carnes,Pollo,9,7.39,66.51
T01408,2023-07-03,C0198,Frutas,Manzana,8,0.97,7.76
T01409,2023-10-15,C0077,Frutas,Naranja,1,2.39,2.39
T01410,2023-08-15,C0044,Lácteos,Mantequilla,4,3.29,13.16
T01411,2023-01-19,C0189,Bebidas,Coca-Cola,6,1.75,10.5
T01412,2023-08-21,C0152,Snacks,Papas Fritas,5,0.91,4.55
T01413,2023-03-14,C0149,Bebidas,Jugo Naranja,9,1.24,11.16
T01414,2023-05-11,C0064,Bebidas,Coca-Cola,5,1.93,9.65
T01415,2023-06-05,C0065,Aseo,Jabón,3,3.84,11.52
T01416,2023-08-20,C0112,Panadería,Pan Integral,7,2.28,15.96
T01417,2023-03-12,C0058,Snacks,Papas Fritas,8,1.33,10.64
T01418,2023-01-13,C0106,Bebidas,Agua,10,2.12,21.2
T01419,2023-03-18,C0079,Lácteos,Yogurt,10,4.01,40.1
T01420,2023-04-25,C0173,Panadería,Pan Integral,7,3.68,25.76
T01421,2023-01-06,C0188,Bebidas,Agua,6,2.07,12.42
T01422,2023-11-06,C0112,Panadería,Donas,4,3.89,15.56
T01423,2023-08-20,C0122,Aseo,Detergente,7,6.67,46.69
T01424,2023-06-05,C0080,Frutas,Banana,3,0.53,1.59
T01425,2023-09-01,C0032,Panadería,Pan Integral,9,1.26,11.34
T01426,2023-02-13,C0161,Carnes,Pollo,9,10.85,97.65
T01427,2023-08-05,C0015,Lácteos,Mantequilla,9,1.25,11.25
T01428,2023-06-05,C0177,Aseo,Papel Higiénico,6,6.02,36.12
T01429,2023-09-10,C0068,Carnes,Cerdo,7,7.63,53.41
T01430,2023-10-11,C0018,Snacks,Papas Fritas,2,2.0,4.0
T01431,2023-03-16,C0002,Lácteos,Yogurt,9,3.02,27.18
T01432,2023-02-23,C0091,Aseo,Detergente,3,3.59,10.77
T01433,2023-01-23,C0028,Aseo,Papel Higiénico,5,7.02,35.1
T01434,2023-07-23,C0134,Frutas,Uva,2,2.28,4.56
T01435,2023-10-02,C0026,Lácteos,Leche,6,2.55,15.3
T01436,2023-03-31,C0021,Bebidas,Coca-Cola,7,2.03,14.21
T01437,2023-02-07,C0137,Bebidas,Agua,6,2.32,13.92
T01438,2023-10-26,C0011,Snacks,Galletas,9,1.64,14.76
T01439,2023-05-30,C0196,Bebidas,Coca-Cola,5,1.36,6.8
T01440,2023-02-01,C0012,Carnes,Cerdo,4,6.95,27.8
T01441,2023-07-26,C0071,Carnes,Pollo,1,13.53,13.53
T01442,2023-09-01,C0084,Carnes,Pollo,2,9.73,19.46
T01443,2023-02-08,C0179,Frutas,Uva,5,1.37,6.85
T01444,2023-01-18,C0170,Aseo,Shampoo,10,4.94,49.4
T01445,2023-01-01,C0181,Snacks,Papas Fritas,7,1.77,12.39
T01446,2023-03-16,C0145,Frutas,Naranja,10,0.51,5.1
T01447,2023-08-25,C0055,Aseo,Papel Higiénico,3,4.81,14.43
T01448,2023-05-30,C0067,Panadería,Donas,5,1.88,9.4
T01449,2023-05-14,C0098,Aseo,Detergente,4,5.79,23.16
T01450,2023-02-08,C0086,Carnes,Carne Res,9,12.61,113.49
T01451,2023-12-15,C0149,Snacks,Chocolate,2,1.72,3.44
T01452,2023-07-29,C0005,Carnes,Carne Res,4,6.73,26.92
T01453,2023-08-19,C0095,Lácteos,Mantequilla,5,1.88,9.4
T01454,2023-12-15,C0124,Panadería,Croissant,8,3.56,28.48
T01455,2023-10-05,C0075,Frutas,Uva,1,0.82,0.82
T01456,2023-08-29,C0076,Panadería,Pan Integral,2,1.04,2.08
T01457,2023-11-15,C0084,Snacks,Papas Fritas,10,2.01,20.1
T01458,2023-09-16,C0096,Lácteos,Mantequilla,7,2.21,15.47
T01459,2023-10-26,C0137,Bebidas,Jugo Naranja,5,1.25,6.25
T01460,2023-09-19,C0065,Frutas,Uva,4,0.62,2.48
T01461,2023-04-15,C0155,Snacks,Maní,4,1.98,7.92
T01462,2023-10-30,C0181,Lácteos,Queso,2,3.59,7.18
T01463,2023-03-21,C0173,Panadería,Croissant,5,3.99,19.95
T01464,2023-07-22,C0141,Bebidas,Coca-Cola,10,1.76,17.6
T01465,2023-08-08,C0128,Lácteos,Queso,6,4.9,29.4
T01466,2023-10-13,C0023,Panadería,Pan Integral,10,2.53,25.3
T01467,2023-11-12,C0131,Bebidas,Coca-Cola,3,1.82,5.46
T01468,2023-06-28,C0163,Panadería,Donas,4,1.92,7.68
T01469,2023-05-27,C0125,Aseo,Shampoo,6,4.5,27.0
T01470,2023-04-21,C0027,Carnes,Pescado,4,12.42,49.68
T01471,2023-02-27,C0178,Snacks,Galletas,2,2.38,4.76
T01472,2023-12-23,C0119,Panadería,Croissant,10,1.27,12.7
T01473,2023-01-12,C0020,Aseo,Papel Higiénico,9,5.04,45.36
T01474,2023-02-05,C0153,Bebidas,Jugo Naranja,3,2.24,6.72
T01475,2023-12-16,C0027,Lácteos,Mantequilla,8,3.92,31.36
T01476,2023-09-23,C0197,Bebidas,Agua,3,1.69,5.07
T01477,2023-10-13,C0184,Aseo,Shampoo,5,4.26,21.3
T01478,2023-02-17,C0162,Bebidas,Agua,1,2.77,2.77
T01479,2023-09-10,C0194,Aseo,Jabón,4,4.33,17.32
T01480,2023-01-07,C0118,Frutas,Naranja,7,2.46,17.22
T01481,2023-02-26,C0042,Panadería,Donas,5,2.46,12.3
T01482,2023-06-07,C0090,Bebidas,Jugo Naranja,8,1.5,12.0
T01483,2023-11-06,C0080,Snacks,Chocolate,8,0.5,4.0
T01484,2023-08-04,C0038,Aseo,Papel Higiénico,5,6.12,30.6
T01485,2023-04-26,C0066,Carnes,Cerdo,10,9.16,91.6
T01486,2023-06-30,C0133,Panadería,Croissant,4,3.94,15.76
T01487,2023-12-31,C0132,Lácteos,Yogurt,9,3.2,28.8
T01488,2023-01-28,C0079,Lácteos,Yogurt,6,3.73,22.38
T01489,2023-05-17,C0095,Carnes,Carne Res,8,6.26,50.08
T01490,2023-04-23,C0199,Panadería,Pan Blanco,2,2.46,4.92
T01491,2023-02-21,C0009,Panadería,Donas,10,3.59,35.9
T01492,2023-03-26,C0063,Snacks,Galletas,6,1.37,8.22
T01493,2023-03-04,C0039,Carnes,Cerdo,3,11.28,33.84
T01494,2023-01-08,C0062,Bebidas,Jugo Naranja,10,1.4,14.0
T01495,2023-06-30,C0070,Bebidas,Cerveza,7,2.9,20.3
T01496,2023-11-03,C0090,Frutas,Manzana,6,2.43,14.58
T01497,2023-01-02,C0195,Panadería,Donas,7,1.72,12.04
T01498,2023-12-04,C0191,Carnes,Pescado,8,6.1,48.8
T01499,2023-04-27,C0070,Carnes,Pescado,1,8.37,8.37
T01500,2023-06-17,C0069,Panadería,Donas,7,1.52,10.64
